(é‚£)é¡å‹	that type (NÃ  lÃ¨ixÃ­ng)		due@2021-10-24 05:18:27
Tæ¤è¡«	T-xÃ¹shÄn - T-shirt		due@2021-10-24 05:18:54
ä¸€	(yÄ«) one		
ä¸€ä¸‹	(yÃ­ xiÃ ) once; a bit		
ä¸€ä¹¾äºŒå‡€ä¸€å¹²äºŒå‡€	YÄ«gÄn Ã¨r jÃ¬ng yÄ«gÄn Ã¨r jÃ¬ng - completely; thoroughly		due@2021-10-24 05:18:07
ä¸€ä¼šå„¿	a little while (yÃ­huÃ¬r)		due@2021-10-24 05:19:01
ä¸€å…±	(yÃ­ gÃ²ng) altogether		
ä¸€å·çº¿	(yÄ« hÃ o xiÃ n) Line 1		due@2021-10-24 05:17:49
ä¸€å‘	yÃ­xiÃ ng - all along; the whole time; constantly		due@2021-10-24 05:18:53
ä¸€å®š	certain, definite; certainly, definitely (yÃ­dÃ¬ng)		due@2021-10-24 05:17:40
ä¸€å¸¦	yÃ­dÃ i - the area around a particular place (the neighboring area)		
ä¸€æˆ¿ä¸€å…	(yÄ« fÃ¡ng yÄ« tÄ«ng) one bedroom and one living room		
ä¸€æœˆ	(yÄ« yuÃ¨) January		due@2021-10-24 05:17:10
ä¸€æ ·	(yÃ­yÃ ng) same; alike		due@2021-10-24 05:17:50
ä¸€æ¬¡æ€§	yÃ­cÃ¬xÃ¬ng - one-time		due@2021-10-24 05:17:57
ä¸€ç›´	(yÃ¬zhÃ­) straight; continuously		
ä¸€èˆ¬	(yÃ¬ bÄn) normally, generally		due@2021-10-24 05:17:33
ä¸€èˆ¬	yÃ¬ bÄn - normally, generally		
ä¸€èµ·	(yÃ¬qÇ) together		
ä¸€è·¯å¹³å®‰	(yÃ­ lÃ¹ pÃ­ng Än) to have a pleasant journey / bon voyage		
ä¸€è¾¹	(YÄ«biÄn) simultaneously; at the same time		due@2021-10-24 05:18:56
ä¸ƒ	(qÄ«) seven		due@2021-10-24 05:18:52
ä¸ƒæœˆ	(qÄ« yuÃ¨) July		due@2021-10-24 05:17:30
ä¸ˆå¤«	husband (zhÃ ngfu)		
ä¸‰	(sÄn) three		due@2021-10-24 05:17:52
ä¸‰æœˆ	(sÄn yuÃ¨) March		due@2021-10-24 05:17:14
ä¸Šä¸ª	(shÃ ng gÃ¨) the previous one		
ä¸Šåˆ	(shÃ ngwÇ”) morning		
ä¸Šå¤§å­¦	(shÃ ng dÃ xuÃ©) to attend college/university [vo.]		due@2021-10-24 05:18:14
ä¸Šæ¬¡	last time (shÃ ng cÃ¬)		due@2021-10-24 05:17:49
ä¸Šæµ·	(ShÃ ng hÇi) Shanghai		
ä¸Šæµ·	Shanghai (ShÃ nghÇi)		
ä¸Šç­	shÃ ng bÄn - to go to work; to be on duty; to start work; to go to the office		due@2021-10-24 05:16:39
ä¸Šç˜¾	to become addicted (shÃ ng yÇn)		due@2021-10-24 05:16:38
ä¸Šç½‘	(shÃ ng wÇng) to go on the internet		due@2021-10-24 05:18:19
ä¸Šèœ	to serve food (shÃ ng cÃ i)		due@2021-10-24 05:17:25
ä¸Šè¯¾	(ShÃ ngkÃ¨) to go to class		
ä¸Šè½¦	(shÃ ng chÄ“) to get on vehicle		
ä¸‹ä¸ª	(xiÃ  ge) next one		due@2021-10-24 05:16:51
ä¸‹åˆ	(xiÃ wÇ”) afternoon		
ä¸‹æ¬¡	(xiÃ  cÃ¬) next time		due@2021-10-24 05:16:45
ä¸‹è½¦	(xiÃ  chÄ“) to get off a bus, train, etc.		due@2021-10-24 05:17:20
ä¸‹è½¦	(xiÃ  chÄ“) to get off a bus, train, etc.		due@2021-10-24 05:18:55
ä¸‹è½½	xiÃ zÃ i - to download		due@2021-10-24 05:18:22
ä¸‹é›¨	(xiÃ  yÇ” ) to rain		
ä¸‹é›ª	(xiÃ  xuÄ›) snowing		due@2021-10-24 05:16:47
ä¸	(bÃ¹) no; not		
ä¸ä»…	(bÃ¹ jÇn) not only		due@2021-10-24 05:18:49
ä¸ä½†ã€‚ã€‚ã€‚è€Œä¸”	not only... but also... (bÃº dÃ n ... Ã©r qiÄ› ...)		due@2021-10-24 05:18:09
ä¸åœ	bÃ¹tÃ­ng - continuously; incessantly		
ä¸åŒ	bÃ¹ tÃ³ng - different; not the same		due@2021-10-24 05:17:57
ä¸åŒçš„è§€é»	different point of view (BÃ¹tÃ³ng de guÄndiÇn)		
ä¸å ªè®¾æƒ³	BÃ¹kÄnshÃ¨xiÇng - (of consequences) too ghastly to contemplate; unimaginable; extremely bad or dangerous		due@2021-10-24 05:16:40
ä¸å¥½æ„æ€	(bÃ¹hÇo yÃ¬si ) to feel embarrassed		due@2021-10-24 05:17:27
ä¸å¦‚	bÃ¹rÃº - not equal to; inferior to; to not measure up to		
ä¸å¾—äº†	bÃ¹ dÃ© liÇo - extremely; exceedingly; couldn't be more		due@2021-10-24 05:18:41
ä¸å¿…	bÃºbÃ¬ - need not; not have to		
ä¸æ–­	bÃ¹ duÃ n - continuously		due@2021-10-24 05:18:34
ä¸æ˜¯ã€‚ã€‚ã€‚è€Œæ˜¯ã€‚ã€‚ã€‚	bÃº shÃ¬... Ã©r shÃ¬ - it is not... but		due@2021-10-24 05:17:47
ä¸ç”¨	(bÃº yÃ²ng) need not		
ä¸ç®¡	bÃ¹ guÇn - no matter of, regardless of		
ä¸è§å¾—	ï¼ˆbÃº jiÃ n deï¼‰not necessarily		due@2021-10-24 05:18:25
ä¸è§å¾—	not necessarily (bÃº jiÃ n de)		
ä¸è¿‡	(bÃºguÃ²) however; but		due@2021-10-24 05:19:08
ä¸é”™	(bÃºcuÃ²) not bad; pretty good		due@2021-10-24 05:18:05
ä¸	yÇ” - and, with		due@2021-10-24 05:17:43
ä¸“ä¸š	(zhuÄn yÃ¨) specialist are of study, major in college		due@2021-10-24 05:18:29
ä¸–ç•Œ	world (shÃ¬jiÃ¨)		
ä¸œ	east (dÅng)		due@2021-10-24 05:17:07
ä¸œäº¬	Tokyo (dÅngjÄ«ng)		
ä¸œè¥¿	(dÅngxi) things; objects		due@2021-10-24 05:18:55
ä¸¤	(liÇng) two; a couple of		due@2021-10-24 05:16:56
ä¸¥é‡	yÃ¡n zhÃ²ng - serious, severe, grave		due@2021-10-24 05:19:00
ä¸ª	(gÃ¨) a measure word for counting objects		due@2021-10-24 05:18:44
ä¸­	(zhÅng) medium; middle		due@2021-10-24 05:18:38
ä¸­	ZhÃ²ng - to fit exactly; to hit		due@2021-10-24 05:18:30
ä¸­ä»‹	(zhÅngjiÃ¨) agent		
ä¸­ä»‹	(ZhÅngjiÃ¨) agent		due@2021-10-24 05:18:07
ä¸­åˆ	(zhÅngwÇ”) noon		due@2021-10-24 05:18:47
ä¸­å›½	(ZhÅng guÃ³) China		due@2021-10-24 05:17:30
ä¸­å›½åŸ	Chinatown (ZhÅngguÃ³chÃ©ng)		due@2021-10-24 05:17:59
ä¸­å­¦	zhÅngxuÃ© (middle school)		
ä¸­å¿ƒ	(zhÅngxÄ«n) center		due@2021-10-24 05:17:00
ä¸­é—´	(zhÅng jiÄn) in the middle		
ä¸º	(wÃ¨i) for		
ä¸ºäº†	(wÃ¨i le) in order to, for the sake of		
ä¸ºä»€ä¹ˆ	(wÃ¨ishÃ©nme) why		
ä¸»æ„	zhÇ”yÃ¬ (idea)		due@2021-10-24 05:17:24
ä¸»è¦	zhÇ” yÃ o - main, principal		due@2021-10-24 05:19:03
ä¸¾	jÇ” - to lift; to raise		due@2021-10-24 05:17:41
ä¹…	(jiÇ”) long (time)		due@2021-10-24 05:18:39
ä¹‹	ZhÄ« - Literary counterpart of çš„		due@2021-10-24 05:16:50
ä¹‹é—´	zhÄ« jiÄn - between; among		due@2021-10-24 05:18:04
ä¹’ä¹“çƒ	pÄ«ng pÄng qiÃº - table tennis; ping-pong		due@2021-10-24 05:18:37
ä¹–	guÄi - (of children) obedient; well-behaved		due@2021-10-24 05:17:18
ä¹	(jiÇ”) nine		due@2021-10-24 05:17:08
ä¹æœˆ	(jiÇ” yuÃ¨) September		due@2021-10-24 05:18:22
ä¹Ÿ	(yÄ›) also, too		due@2021-10-24 05:17:10
ä¹ æƒ¯	xÃ­ guÃ n - habit, to be accustomed to		
ä¹¦	(shÅ«) book		
ä¹¦åº—	(shÅ«diÃ n) bookstore		
ä¹¦æœ¬	books (shÅ«bÄ›n)		
ä¹¦æ¶	bookshelf (shÅ« jiÃ )		due@2021-10-24 05:16:45
ä¹¦æ¡Œ	desk (shÅ«zhuÅ)		due@2021-10-24 05:16:22
ä¹°	(mÇi) to buy		
ä¹±	(luÃ n) messy, chaotic		due@2021-10-24 05:18:06
äº†	(a dynamic particle)		
äº†è§£	liÇo jiÄ› - to understand, know about		due@2021-10-24 05:18:41
äº‹ï¼ˆå„¿ï¼‰	(shÃ¬)(r) matter; affair; event		
äº‹ä¸š	shÃ¬yÃ¨ - career; undertaking		due@2021-10-24 05:17:23
äº‹æƒ…	shÃ¬ qing - thing, matter, affair		due@2021-10-24 05:18:52
äºŒ	(Ã¨r) two		due@2021-10-24 05:18:02
äºŒå§	(Ã¨rjiÄ›) second eldest sister		due@2021-10-24 05:17:44
äºŒæœˆ	(Ã¨r yuÃ¨) February		due@2021-10-24 05:16:53
äº	yÃº - at, on, in, to, than		due@2021-10-24 05:18:12
äºæ˜¯	yÃº shÃ¬ - so, therefore		
äº’ç›¸	(hÃ¹ xiÄng) mutually		
äº’ç›¸	hÃ¹ xiÄng - mutual, each other, reciprocally		due@2021-10-24 05:17:49
äº”	(wÇ”) five		due@2021-10-24 05:16:50
äº”æœˆ	(wÇ” yuÃ¨) May		
äºšæ´²ç ”ç©¶	(YÃ zhÅu yÃ¡nji) Asian studies		due@2021-10-24 05:18:51
äº›	(xiÄ“) some; few; several; (a measure word)		due@2021-10-24 05:18:51
äº¤	jiÄo - to hand over		
äº¤é€š	(jiÄo tÅng) traffic		
äº¤é€š	(jiÄotÅng) transportation; traffic		due@2021-10-24 05:18:41
äº¤é€š	jiÄo tÅng - traffic		due@2021-10-24 05:17:52
äº¤éŸ¿æ¨‚	symphony (JiÄoxiÇngyuÃ¨)		due@2021-10-24 05:18:45
äº«å—	xiÇng shÃ²u - enjoy; enjoyment; pleasure		due@2021-10-24 05:18:49
äº®	(liÃ ng) bright; light; shine		due@2021-10-24 05:18:46
äº®	liÃ ng - bright; light		
äº²çœ¼	qÄ«nyÇn - (to see) with one's own eyes		due@2021-10-24 05:17:13
äºº	(rÃ©n) people; person		due@2021-10-24 05:18:19
äººå£	RÃ©nkÇ’u - population		due@2021-10-24 05:18:53
äººå±±	rÃ©n shÄn - huge crowds of people		due@2021-10-24 05:18:38
äººæ	RÃ©ncÃ¡i - person of ability, integrity, and talent		
äººæ°‘å¸	(rÃ©n mÃ­n bÃ¬) RMB Chinese currency		
ä»€ä¹ˆ	(shÃ©n me) what		due@2021-10-24 05:18:28
ä»Šå¤©	(jÄ«ntiÄn) today		due@2021-10-24 05:16:49
ä»Šå¹´	(jÄ«nniÃ¡n) this year		due@2021-10-24 05:18:45
ä»‹ç»	(jiÃ¨ shÃ o) to introduce		due@2021-10-24 05:18:36
ä»	from (cÃ³ng)		due@2021-10-24 05:17:33
ä»...åˆ°...	(cÃ³ng...dÃ o...) from...to...		due@2021-10-24 05:18:37
ä»ã€‚ã€‚ã€‚åˆ°	(cÃ³ng...dÃ o) From...to...		due@2021-10-24 05:17:53
ä»ä¸	(cÃ³ngbÃ¹) never		
ä»æ¥	(cÃ³ng lÃ¡i) always, from the beginning		
ä»æ¥	cÃ³ng lÃ¡i - from past till present; always; at all times; never (if used in negative sentence)		due@2021-10-24 05:18:49
ä»–	(tÄ) he; him		
ä»–ä»¬	(tÄmen) they; them (for males)		
ä»˜é’±	(fÃ¹qiÃ¡n) to pay money		due@2021-10-24 05:18:43
ä»£	dÃ i - to replace; to substitute		due@2021-10-24 05:18:26
ä»¥	yÇ - with		
ä»¥ä¸º	to assume erroneously (yÇwÃ©i)		
ä»¥å‰	(yÇ qiÃ¡n) before		due@2021-10-24 05:18:00
ä»¥å	(yÇ hÃ²u) after; from now on, later on		
ä»¥æ¥	yÇlÃ¡i - since		due@2021-10-24 05:18:09
ä»¶	(jiÃ n) measure word for shirt, dresses, jackets, coats, etc.		due@2021-10-24 05:18:13
ä»·æ ¼	price (jiÃ gÃ©)		due@2021-10-24 05:18:12
ä»·é’±	jiÃ  qian - price		due@2021-10-24 05:18:49
ä»½	(fÃ¨n) measure word for meal order, job		due@2021-10-24 05:18:33
ä¼ä¸š	qÇ yÃ¨ - enterprise, business		due@2021-10-24 05:17:45
ä¼‘æ¯	(xiÅ« xi) rest, to take a break		
ä¼š	(huÃ¬) can, to be able to		due@2021-10-24 05:18:47
ä¼š	(huÃ¬) meeting		
ä¼š	will (huÃ¬)		
ä¼ ç»Ÿ	chuÃ¡n tÇ’ng - traditionï¼›convention		due@2021-10-24 05:18:12
ä½†æ˜¯	(dÃ nshÃ¬) but		
ä½	(wÃ¨i) polite classifier for people		
ä½å­	seat (wÃ¨izi)		due@2021-10-24 05:18:02
ä½	dÄ« - low		
ä½	to live (zhÃ¹)		due@2021-10-24 05:18:02
ä½“è´´	tÇ tiÄ“ - show consideration for		due@2021-10-24 05:18:29
ä½™	yÃº - to surplus; to spare		
ä½ 	(nÇ) you		due@2021-10-24 05:17:07
ä½ ä»¬	(nÇmen) - you (plural)		
ä½ å¥½	(nÇ hÇo) Hello		due@2021-10-24 05:17:43
ä½¿	shÇ - to make, cause, use		due@2021-10-24 05:18:21
ä¾„å¥³	brother's daughter (zhÃ­ nÇš)		due@2021-10-24 05:18:33
ä¾†ä¸åŠ	lÃ¡i bu jÃ­ - not have enough time to do something; too late to do something		due@2021-10-24 05:17:55
ä¾›	gÅng - to provide; to support financially		due@2021-10-24 05:17:57
ä¾¿å®œ	(piÃ¡n yi) cheap; inexpensive		due@2021-10-24 05:18:38
ä¿æŠ¤	bÇo hÃ¹ - protection, to protect, defend		due@2021-10-24 05:17:21
ä¿ç•™	bÇoliÃº - to remain as before; to retain		
ä¿é™©	insurance (bÇoxiÇn)		due@2021-10-24 05:18:55
ä¿¡	(xÃ¬n) letter (correspondence)		due@2021-10-24 05:17:55
ä¿¡æ¯	information (xÃ¬nxÄ«)		
ä¿¡ç”¨å¡	(xÃ¬nyÃ²ngkÇ) credit card		
ä¿©	(liÇ) two, both		
å€	BÃ¨i - (m.w. for times by which something is multiplied)		due@2021-10-24 05:18:04
å€’	dÃ o - to turn upside down, to go backwards		due@2021-10-24 05:17:32
å€Ÿ	jiÃ¨ - to borrow; to lend		due@2021-10-24 05:18:43
å			due@2021-10-24 05:17:41
åš	(zuÃ²) to do		due@2021-10-24 05:18:45
åšæ³•	zuÃ²fÇ - way of doing things; course of action		due@2021-10-24 05:18:34
åšé¥­	(zuÃ² fÃ n) to cook; to prepare a meal		
å¥åº·	(jiÃ n kÄng) health, healthy		due@2021-10-24 05:18:30
å¥èº«	(JiÃ nshÄ“n) to exercise		due@2021-10-24 05:18:47
å¥èº«æˆ¿	(jiÃ nshÄ“nfÃ¡ng) gym		due@2021-10-24 05:16:42
å¥èº«æˆ¿	jiÃ nshÄ“nfÃ¡ng - gym		due@2021-10-24 05:17:14
å¶å°”	Ç’u Ä›r - occasionally		due@2021-10-24 05:17:28
å‚³çµ±(çš„)	tradition/traditional (ChuÃ¡ntÇ’ng de)		due@2021-10-24 05:18:26
åƒ	to be like; to look like; to take after (xiÃ ng)		due@2021-10-24 05:18:18
åƒ	xiÃ ng - such as		due@2021-10-24 05:16:23
å„¿å­	(Ã©rzi) son		due@2021-10-24 05:18:44
å„¿ç«¥	Ã©r tÃ³ng - children		due@2021-10-24 05:18:44
å…ƒ	Chinese currency unit (yuÃ¡n)		due@2021-10-24 05:18:04
å…ƒå®µ	YuÃ¡nxiÄo - night of the fifteenth of the first lunar month; sweet dumplings made of glutinous rice flour		due@2021-10-24 05:16:23
å…ˆ	(xiÄn) first		
å…ˆç”Ÿ	(xiÄn sheng) Mr; husband		
å…è´¹	miÇn fÃ¨i - free (of charge)		due@2021-10-24 05:16:56
å…¨	quÃ¡n - whole, entire, complete		due@2021-10-24 05:18:22
å…«	(bÄ) eight		due@2021-10-24 05:18:54
å…«æœˆ	(bÄ yuÃ¨) August		due@2021-10-24 05:18:08
å…¬å…±åœºæ‰€	gÅnggÃ²ngchÇngsuÇ’ ï¼ public place		due@2021-10-24 05:18:40
å…¬å…±æ±½è½¦	(gÅng gÃ²ng qÃ¬ chÄ“) bus		
å…¬å¸	company (gÅngsÄ«)		due@2021-10-24 05:17:47
å…¬å›­	(gÅng yuÃ¡n) park		due@2021-10-24 05:18:28
å…¬å›­	park (gÅngyuÃ¡n)		due@2021-10-24 05:18:44
å…¬å¯“	apartment (gÅngyÃ¹)		due@2021-10-24 05:17:40
å…¬å¹³	(gÅngpÃ­ng) fair; just; impartial; equitable		due@2021-10-24 05:18:18
å…­	(liÃ¹) six		
å…­æœˆ	(liÃ¹ yuÃ¨) June		
å…±åŒ	(gÃ²ng tÃ³ng) common, together		
å…³	guÄn - to close, shut, turn off		due@2021-10-24 05:18:40
å…´è¶£	interest (xÃ¬ngqÃ¹)		
å…¶ä»–	qÃ­ tÄ - other		due@2021-10-24 05:18:47
å…¶å®	qÃ­ shÃ­ - actually, in fact		
å…»	to raise (yÇng)		
å†	(zÃ i) again		due@2021-10-24 05:18:40
å†	(zÃ i) again		due@2021-10-24 05:17:27
å†è§	(zÃ i jiÃ n) goodbye		due@2021-10-24 05:18:51
å†è¯´	moreover (zÃ ishuÅ)		
å†™	(xiÄ›) to write		due@2021-10-24 05:18:08
å†œå†	nÃ³ng lÃ¬ - lunar calendar (agricultural calendar)		
å†œæ‘	nÃ³ngcÅ«n - countryside; village; rural area		
å† å†›	(guÃ njÅ«n) champion; first place in a competition		due@2021-10-24 05:18:55
å†¬å¤©	winter (dÅngtiÄn)		due@2021-10-24 05:17:33
å†°	ice (bÄ«ng)		
å†°ç¯	bÄ«ngdÄ“ng - ice lantern		due@2021-10-24 05:16:54
å†°ç®±	(bÄ«ngxiÄng) refrigerator		due@2021-10-24 05:16:54
å†°èŒ¶	(bÄ«ngchÃ¡) iced tea		due@2021-10-24 05:18:46
å†³å®š	juÃ© dÃ¬ng - decision, to decide		
å†·	cold (lÄ›ng)		
å‡†	(zhÇ”n) to allow; to be allowed [v.]		
å‡†å¤‡	(zhÇ”nbÃ¨i) to prepare		
å‡å°‘	jiÇn shÇo - to lessen; to decrease; to reduce; to lower		due@2021-10-24 05:18:59
å‡è‚¥	jiÇn fÃ©i - to lose weight		due@2021-10-24 05:18:39
å‡è½»	jiÇn qÄ«ng - lighten / ease / alleviate		
å‡ 	(jÇ) how much; how many; several; a few		due@2021-10-24 05:17:53
å‡ ä¹	jÄ« hÅ« - almost, nearly		due@2021-10-24 05:17:17
å‡ºå‘	chÅ« fÄ - departure, to start off, leave		due@2021-10-24 05:17:09
å‡ºæ±—	chÅ« hÃ n ï¼ to sweat		due@2021-10-24 05:18:44
å‡ºç‰ˆ	chÅ«bÇn - to publish		
å‡ºç°	chÅ« xiÃ n - to appear		
å‡ºç”Ÿ	(chÅ« shÄ“ng) to be born		due@2021-10-24 05:17:45
å‡ºç”Ÿ	ï¼ˆchÅ« shÄ“ngï¼‰to be born		
å‡ºç§Ÿ	(chÅ«zÅ«) to rent out		due@2021-10-24 05:17:18
å‡ºç§Ÿæ±½è½¦	(chÅ« zÅ« qÃ¬ chÄ“) taxi		due@2021-10-24 05:19:07
å‡ºé—¨	ChÅ« mÃ©n: To go out; to leave home		due@2021-10-24 05:18:57
åˆ†	(fÄ“n) cent; minute		due@2021-10-24 05:18:05
åˆ†äº«	fÄ“n xiÇng - to share (joys, benefits, privileges etc) with others		
åˆ†åˆ«	respectively, separately (fÄ“nbiÃ©)		
åˆ†æ‰‹	fÄ“n shÇ’u - to break up; to part company		
åˆ†é’Ÿ	(fÄ“n zhÅng) minute		due@2021-10-24 05:18:58
åˆ†é’Ÿ	(fÄ“nzhÅng) minute		due@2021-10-24 05:17:56
åˆ†é’Ÿ	minute (fÄ“nzhÅng)		due@2021-10-24 05:19:08
åˆš	(gÄng) just; not long		
åˆš	just (gÄng)		
åˆšæ‰	just now, a moment ago (gÄngcÃ¡i)		
åˆ	(chÅ«) beginning		due@2021-10-24 05:18:00
åˆ	chÅ« - first		due@2021-10-24 05:18:09
åˆ©æ¯	lÃ¬ xÄ« - interest (on investment)		
åˆ©ç”¨	lÃ¬yÃ²ng - make use of; take advantage of; to utilize		due@2021-10-24 05:16:48
åˆ«	(biÃ©) don't		due@2021-10-24 05:18:32
åˆ«äºº	(biÃ© rÃ©n) other people; another person		due@2021-10-24 05:18:53
åˆ«çš„	(biÃ©de) other		due@2021-10-24 05:18:27
åˆ°	(dÃ o) to go to; to arrive		due@2021-10-24 05:17:45
åˆ°å¤„	dÃ o chÃ¹ - everywhere, all over		due@2021-10-24 05:17:53
åˆ°åº•	what on earth; what in the world; in the end (dÃ odÇ)		due@2021-10-24 05:18:37
åˆ·å¡	(shuÄkÇ) to pay with a credit card		due@2021-10-24 05:17:30
åˆ»	ï¼ˆkÃ¨) quarter (of an hour)		due@2021-10-24 05:18:45
å‰	(qiÃ¡n) forward; ahead		due@2021-10-24 05:18:09
å‰	(qiÃ¡n) forward; ahead		due@2021-10-24 05:17:45
å‰	(qiÃ¡n) forward; ahead		due@2021-10-24 05:18:08
å‰é¢	(qiÃ¡n miÃ n) in front of		due@2021-10-24 05:18:24
å‰›	just; recent (GÄng kÄishÇ)		due@2021-10-24 05:18:42
å‰›é–‹å§‹	just started; just began (GÄng kÄishÇ)		
å‰©ï¼ˆä¸‹ï¼‰	shÃ¨ng (xia) - to leave a surplus; to be left (over)		due@2021-10-24 05:18:32
å‰©ä½™	(shÃ¨ngyÃº) to be left over; surplus		
åŠ›æ°”	(lÃ¬qi) strength/effort		due@2021-10-24 05:17:55
åŠ	quÃ n - to persuade; to advise; to urge		due@2021-10-24 05:18:28
åŠ	(bÃ n) to handle; to do		
åŠå…¬å®¤	(bÃ ngÅngshÃ¬) office		
åŠæ³•	(bÃ n fÇ) method, way of doing something		due@2021-10-24 05:17:48
åŠŸè¯¾	(gÅng kÃ¨) schoolwork		due@2021-10-24 05:18:07
åŠ 	jiÄ - to add		
åŠ å·	(jiÄ zhÅu) California		due@2021-10-24 05:18:08
åŠ å·	California (JiÄzhÅu)		due@2021-10-24 05:17:50
åŠ æ²¹	jiÄyÃ³u ï¼ to make an extra effortï¼›to refuel		due@2021-10-24 05:17:23
åŠ ç­	(jiÄ bÄn) to work overtime; to work extra shifts		due@2021-10-24 05:18:20
åŠ¨ä½œ	dÃ²ng zuÃ² - action, movement, to make a move		
åŒ…	(bÄo) bag		
åŒ…æ‹¬	bÄo kuÃ² - to comprise; to include; to involve; to incorporate; to consist of		due@2021-10-24 05:16:58
åŒ–å­¦	(huÃ xuÃ©) chemistry		due@2021-10-24 05:17:55
åŒ–å­¦	chemistry (huÃ xuÃ©)		
åŒ—	(bÄ›i) north		due@2021-10-24 05:17:02
åŒ—äº¬	(BÄ›ijÄ«ng) Beijing		
åŒ»ç”Ÿ	(yÄ« shÄ“ng) doctor		due@2021-10-24 05:18:56
åŒ»é™¢	(yÄ« yuÃ n) hospital		due@2021-10-24 05:18:53
åŒ»é™¢	(yÄ«yuÃ n) hospital		due@2021-10-24 05:17:42
åŒ»é™¢	hospital (yÄ«yuÃ n)		
å	(shÃ­) ten		due@2021-10-24 05:18:13
åä¸€æœˆ	(shÃ­ yÄ« yuÃ¨) November		due@2021-10-24 05:18:47
åäºŒæœˆ	(shÃ­ Ã¨r yuÃ¨) December		due@2021-10-24 05:18:38
ååˆ†	shÃ­ fÄ“n - very		due@2021-10-24 05:18:05
åæœˆ	(shÃ­ yuÃ¨) October		due@2021-10-24 05:18:31
åƒä¸‡	qiÄn wÃ n - by all means; absolutely must		
åˆé¥­	(wÇ”fÃ n) lunch		
åŠ	(bÃ n) half; half an hour		due@2021-10-24 05:16:57
åŠå¤©	(bÃ ntiÄn) half of the day; a long time; quite a while		
å•ä½	unit (dÄnwÃ¨i)		due@2021-10-24 05:18:21
å•ç¨‹	(dÄnchÃ©ng) one-way trip [n.]		due@2021-10-24 05:18:55
å–å®Œ	(mÃ iwÃ¡n) to be sold out		
å—	(nÃ¡n) south		due@2021-10-24 05:18:40
å—äº¬	NÃ¡njÄ«ng - Nanjing		due@2021-10-24 05:17:15
åšå£«	bÃ³ shÃ¬ - PhD, doctor		due@2021-10-24 05:18:05
åšå®¢	blog (bÃ³kÃ¨)		due@2021-10-24 05:16:22
åšç‰©é¤¨	museum (BÃ³wÃ¹guÇn)		due@2021-10-24 05:16:52
åšç‰©é¦†	bÃ³wÃ¹guÇn - museum		due@2021-10-24 05:18:37
å¡	(kÇ) card		
å¡æ‹‰OK	kÇlÄ OK -- karaoke		
å§å®¤	bedroom (wÃ²shÃ¬)		due@2021-10-24 05:18:23
å§é“º	wÃ²pÃ¹ - sleeping berth or bunk on a train		
å«ç”Ÿçº¸	wÃ¨i shÄ“ng zhÇ - toilet paper		
å«ç”Ÿé—´	(wÃ¨ishÄ“ngjiÄn) bathroom		
å°è±¡	(yÃ¬nxiÃ ng) impression		due@2021-10-24 05:16:44
å°è±¡	impression (yÃ¬nxiÃ ng)		due@2021-10-24 05:18:49
å±æœº	crisis (wÄ“ijÄ«)		due@2021-10-24 05:17:29
å±é™©	(wÄ“i xiÇn) danger; dangerous		
å³ä½¿	(jÃ­shÇ) even if		due@2021-10-24 05:16:42
å³ä½¿	jÃ­ shÇ - even if, even though		
å†å²	(lÃ¬ shÇ) history		due@2021-10-24 05:17:03
å†å²	history (lÃ¬shÇ)		due@2021-10-24 05:17:14
å‰å®³	terrible ; formidable (lÃ¬hai)		due@2021-10-24 05:17:53
å‹	(yÄ) to press; to hold down; to weigh down [v.]		due@2021-10-24 05:17:54
å‹åŠ›	yÄ lÃ¬ - pressure, stress		
å•æ‰€	(cÃ¨ suÇ’) toilet		due@2021-10-24 05:17:02
åŸå› 	(YuÃ¡nyÄ«n) reason		
åŸæ¥	yuÃ¡n lÃ¡i - as a matter of fact; formerly, original		
å¦	shÃ  - mansion; tall building		due@2021-10-24 05:18:43
å¨æˆ¿	kitchen (chÃºfÃ¡ng)		
å»	(qÃ¹) to go		
å»å¹´	last year (qÃ¹niÃ¡n)		due@2021-10-24 05:18:52
å‚åŠ 	cÄn jiÄ - to participate; to take part; to join		
åˆ	again (yÃ²u)		due@2021-10-24 05:16:47
åŒ	(shuÄng) Measure word for a pair		due@2021-10-24 05:16:59
åå¯¹	fÇn duÃ¬ - opposition, to oppose		
å‘çƒ§	(fÄshÄo) to have a fever		
å‘ç”Ÿ	fÄ shÄ“ng - to happen, occur		due@2021-10-24 05:17:58
å‘ç”µ	fÄdiÃ n ï¼ to generate electricity		due@2021-10-24 05:17:23
å‘çŸ­ä¿¡	(fÄduÇnxÃ¬n) to send a text message; (lit.) to send a short message		due@2021-10-24 05:17:31
å‘è´¢	fÄ cÃ¡i - to get rich; to make a fortune		due@2021-10-24 05:17:14
å‘éŸ³	(fÄ yÄ«n) pronunciation		
å–ä¹‹ä¸å°½	qÇ” zhÄ« bÃº jÃ¬n - (of resources) inexhaustible		due@2021-10-24 05:18:59
å–å¾—	qÇ” dÃ© - to acquire / to get / to obtain		
å—ä¸äº†	shÃ²u bu liÇo - unbearable, can't stand it		
å—åˆ°	shÃ²u dÃ o - to receive (abstract; help, assistance, education, etc.)		due@2021-10-24 05:18:36
å˜	biÃ n - to change		
å˜åŒ–	biÃ n huÃ  - change; to change		due@2021-10-24 05:18:17
å£	(kÇ’u) (mouth) measure word for number of family members		due@2021-10-24 05:17:59
å£å‘³	taste; dietary preference (kÇ’uwÃ¨i)		due@2021-10-24 05:18:14
å£æ°´	saliva (kÇ’u shuÇ)		due@2021-10-24 05:18:35
å¤è€	gÇ”lÇo - ancient; old		due@2021-10-24 05:16:57
å¥	jÃ¹ (measure word for sentences)		due@2021-10-24 05:18:46
å¦å¤–	(lÃ¬ng wÃ i) another, furthermore		due@2021-10-24 05:18:35
åª	(zhÇ) only		due@2021-10-24 05:17:11
åª	zhÄ« - m.w. for one of certain paired things and some animals		due@2021-10-24 05:17:42
åªå¥½	zhÇhÇo - have to; be forced to		due@2021-10-24 05:18:23
åªè¦	zhÇyÃ o - if only; so long as		
å«	(jiÃ o) to be called		
å«	jiÃ o - to make (someone do something)		due@2021-10-24 05:18:55
å«ï¼ˆèœï¼‰	jiÃ o (cÃ i) - to order (food)		due@2021-10-24 05:18:49
å¯ä¹	(kÄ›lÃ¨) (Coke or Pepsi) cola		due@2021-10-24 05:18:53
å¯ä»¥	(kÄ›yÇ) can; may		due@2021-10-24 05:18:35
å¯æ˜¯	(kÄ›shÃ¬) but		due@2021-10-24 05:18:47
å¯çˆ±	cute, lovable (kÄ› Ã i)		
å¯èƒ½	(kÄ› nÃ©ng) possible, maybe		
å¯è§	kÄ›jiÃ n - it is obvious that; it can be seen that		
å¯é 	kÄ› kÃ o - reliable		
å°	tÃ¡i - measure word for machines, table		
å°åŒ—	Taipei (tÃ¡ibÄ›i)		due@2021-10-24 05:17:52
å³	right (yÃ²u)		due@2021-10-24 05:17:21
å·	(hÃ o) measure word for number in a series; day of the month		
å·	(hÃ o) size		due@2021-10-24 05:17:30
å·ç 	number (hÃ omÇ)		
åƒ	(chÄ«) to eat		due@2021-10-24 05:18:33
åƒå	to get sick because of bad food (chÄ« huÃ i)		
å„	gÃ¨ - each; every		due@2021-10-24 05:17:22
åˆ	HÃ© - to combine; to join		due@2021-10-24 05:18:36
åˆåŒ	hÃ©tong - contract; agreement		due@2021-10-24 05:18:14
åˆé€‚	(hÃ© shÃ¬) suitable		
åŒ	(tÃ³ng) same, together		
åŒäº‹	(tÃ³ngshÃ¬) colleague; co-worker		due@2021-10-24 05:18:07
åŒå­¦	(tÃ³ngxuÃ©) classmate		due@2021-10-24 05:18:13
åŒå±‹	roommate (tÃ³ng wÅ«)		due@2021-10-24 05:18:07
åŒå·¥åŒé…¬	tÃ³ng gÅng tÃ³ng chÃ³u - equal pay for equal work		
åŒæ„	tÃ³ng yÃ¬ - to agree; to consent; to approve		
åå­—	(mÃ­ng zi) name		
åç‰Œå„¿	name brand (mÃ­npÃ¡ir)		due@2021-10-24 05:17:13
åå¤©	the day after tomorrow (hÃ²utiÄn)		due@2021-10-24 05:18:02
åæ¥	(hÃ²u lÃ¡i) later, afterwards		due@2021-10-24 05:18:43
åæœ	hÃ²u guÇ’ - consequence		due@2021-10-24 05:18:59
å—	(ma) question particle		
å¦åˆ™	fÇ’u zÃ© - otherwise, or else		
å¬	(tÄ«ng) to listen		
å¬è¯´	(tÄ«ngshuÅ) to be told; to hear of		due@2021-10-24 05:17:07
åµ	(chÇo) noisy, to quarrel		due@2021-10-24 05:18:36
åµæ¶	chÇo jiÃ  - to quarrel		due@2021-10-24 05:18:39
å¸å¼•	(xÄ« yÇn) to attract, draw, interest		
å¸çƒŸ	xÄ« yÄn - to smoke a cigarette		due@2021-10-24 05:17:59
å¹	chuÄ« - to end a relationship; (lit.) to blow		due@2021-10-24 05:18:09
å‘€	(interjectory particle used to soften a question)		due@2021-10-24 05:17:24
å‘Šè¯‰	(gÃ o su) to tell		due@2021-10-24 05:16:55
å‘¢	(ne) question particle		due@2021-10-24 05:16:39
å‘¨æœ«	(zhÅumÃ²) weekend		due@2021-10-24 05:18:30
å‘³é“	wÃ¨i dÃ o - taste, flavour		
å’Œ	(hÃ©) and		due@2021-10-24 05:17:18
å’•å™œ	gÅ«lÅ« - rumbling sound		due@2021-10-24 05:18:55
å’–å“©	curry (GÄlÃ­)		due@2021-10-24 05:17:12
å’–å•¡	(kÄfÄ“i) coffee		due@2021-10-24 05:17:03
å’–å•¡è‰²	(kÄfÄ“i sÃ¨) brown; coffee color		
å’±ä»¬	zÃ¡n men - we, us		due@2021-10-24 05:18:03
å’¸	salty (xiÃ¡n)		due@2021-10-24 05:18:03
å“ˆ	hÄ - (imitating laughter)		due@2021-10-24 05:16:54
å“	(Äi) exclamatory particle to express surpise or dissatisfaction		due@2021-10-24 05:17:16
å“å‘€	(an exclamation to express surprise) gosh; ah ï¼ˆÄiyÄï¼‰		
å“¥å“¥	(gÄ“ge) older brother		due@2021-10-24 05:18:48
å“ª	(nÇ/nÄ›i) which		
å“ªå„¿	(nÇr) where		due@2021-10-24 05:17:27
å“ªé‡Œ	(nÇ li) Where		due@2021-10-24 05:18:38
å“ªé‡Œ	(nÇlÇ) where		due@2021-10-24 05:18:59
å“­	(kÅ«) to cry		
å“²å­¦	philosophy (zhÃ©xuÃ©)		due@2021-10-24 05:16:59
å”®è´§å‘˜	(shÃ²uhuÃ²yuÃ¡n) shop assistant; salesclerk		due@2021-10-24 05:18:21
å”±	(chÃ ng) to sing		
å”±æ­Œ	(chÃ ng gÄ“) to sing (a song)		
å•†åœº	(shÄng chÇng) shopping mall		
å•†åº—	(shÄng diÃ n) store, shop		due@2021-10-24 05:18:52
å•Š	(a) a sentence-final particle of exclamation, interrogation		
å•Š	a - eh?; what? (a sentence-final particle of exclamation, interrogation, etc.)		due@2021-10-24 05:19:07
å–‚	(wÃ©i/wÃ¨i) Hello!; Hey! (When talking on a telephone)		due@2021-10-24 05:18:21
å–œæ¬¢	(xÇhuÄn) to like		
å–	(hÄ“) to drink		due@2021-10-24 05:17:19
å˜›	particle used to emphasize the obvious (ma)		due@2021-10-24 05:17:08
å˜´	mouth (zuÇ)		due@2021-10-24 05:17:51
å™¢	oh! (Å)		due@2021-10-24 05:18:51
å››	(sÃ¬) four		due@2021-10-24 05:16:40
å››å­£å¦‚æ˜¥	sÃ¬jÃ¬ rÃº chÅ«n - spring-like all year round		due@2021-10-24 05:17:54
å››æœˆ	(sÃ¬ yuÃ¨) April		due@2021-10-24 05:18:39
å›	(huÃ­) to return		due@2021-10-24 05:16:42
å›	huÃ­ - measure word for frequency of an action		due@2021-10-24 05:19:00
å›å»	(huÃ­ qu) to go back; to return		
å›å®¶	(huÃ­ jiÄ) to go home		
å›æ”¶	huÃ­shÅu ï¼ recycle		due@2021-10-24 05:18:51
å›æ¥	(huÃ­ lai) to come back		due@2021-10-24 05:18:26
å› ä¸º	(yÄ«nwÃ¨i) because		due@2021-10-24 05:18:09
å›¢	tuÃ¡n - group, organization		due@2021-10-24 05:17:10
å›¢åœ†	tuÃ¡nyuÃ¡n - to reunite (as a family)		
å›½å®¶	guÃ³ jiÄ - country; nation		due@2021-10-24 05:16:43
å›½é™…	international (guÃ³jÃ¬)		
å›¾ä¹¦é¦†	(tÃºshÅ«guÇn) library		due@2021-10-24 05:18:13
åœ†	round (yuÃ¡n)		due@2021-10-24 05:18:28
åœˆ	QuÄn: Circle; to encircle; to mark with a circle		due@2021-10-24 05:17:47
åœ¨	(zÃ i) at, in, on		
åœ¨	(zÃ i) to be present; to be at (a place)		due@2021-10-24 05:18:43
åœ¨ä¹	zÃ ihu - to mind, to care		due@2021-10-24 05:18:52
åœ°ä½	position, status (dÃ¬wÃ¨i)		due@2021-10-24 05:18:24
åœ°å›¾	map (dÃ¬tÃº)		due@2021-10-24 05:17:47
åœ°å½¢	dÃ¬xÃ­ng - terrain; topography		
åœ°æ–¹	place (dÃ¬fang)		
åœ°çƒ	DÃ¬qiÃº - the earth; the globe ğŸŒ		
åœ°ç†	dÃ¬ lÇ - geography		due@2021-10-24 05:17:50
åœ°é“	dÃ¬ dÃ o - original, genuine, authentic		due@2021-10-24 05:18:52
åœ°é“	(dÃ¬ tiÄ›) subway		due@2021-10-24 05:18:19
åœ°é“	(dÃ¬ tiÄ›) subway		due@2021-10-24 05:18:55
åœº	field (chÇng)		due@2021-10-24 05:16:50
å	(zuÃ²) to sit		due@2021-10-24 05:18:45
å	(zuÃ²) to sit		
å	(zuÃ²) to travel by		due@2021-10-24 05:18:24
åèˆ¹	(ZuÃ² chuÃ¡n) to travel by ship; to take a boat		due@2021-10-24 05:18:42
å—	(kuÃ i) measure word for the basic Chinese monetary unit		due@2021-10-24 05:18:51
åƒåœ¾	lÄjÄ« - garbage; trash		due@2021-10-24 05:16:57
åŸå¸‚	(chÃ©ngshÃ¬) city		
å ±å‘Š	report (a written report) (BÃ ogÃ o)		due@2021-10-24 05:18:17
å¡‘æ–™è¢‹	(sÃ¹liÃ odÃ i) plastic bag		due@2021-10-24 05:17:45
å¡”	TÇ - tower, pagoda-shaped structure		due@2021-10-24 05:18:29
å¢™	qiÃ¡ng - wall		due@2021-10-24 05:17:22
å¢åŠ 	zÄ“ng jiÄ - increase		
å£°éŸ³	shÄ“ng yÄ«n - voice, sound		due@2021-10-24 05:17:47
å¤ä¹ 	(fÃ¹xÃ­) to review		
å¤å¤©	summer (xiÃ tiÄn)		due@2021-10-24 05:17:22
å¤–å–	takeout (wÃ imÃ i)		due@2021-10-24 05:18:46
å¤–å›½	(wÃ iguÃ³) foreign country		
å¤š	(duÅ) how much/many		due@2021-10-24 05:18:33
å¤š	(duÅ) many; much		due@2021-10-24 05:17:25
å¤šå°‘	(duÅshao) how much/many		
å¤œé‡Œ	at night (yÃ¨li)		due@2021-10-24 05:17:24
å¤Ÿ	(gÃ²u) enough		
å¤Ÿ	enough (gÃ²u)		due@2021-10-24 05:17:14
å¤§	(dÃ ) big; old		due@2021-10-24 05:18:44
å¤§äºº	DÃ rÃ©n - adult		
å¤§å“¥	(dÃ gÄ“) eldest brother		due@2021-10-24 05:17:15
å¤§å¤š	dÃ duÅ - mostly; for the most part		due@2021-10-24 05:18:00
å¤§å§	(dÃ jiÄ›) eldest sister		due@2021-10-24 05:17:46
å¤§å­¦	(dÃ xuÃ©) university; college		due@2021-10-24 05:18:10
å¤§å­¦ç”Ÿ	(dÃ xuÃ©shÄ“ng) college student		due@2021-10-24 05:17:53
å¤§å®¶	(dÃ  jiÄ) everyone		due@2021-10-24 05:18:35
å¤§å°	(dÃ xiÇo) size		
å¤§æ¦‚	(dÃ  gÃ i) probably, approximately		
å¤§æ¦‚	(dÃ gÃ i) probably; around; about		
å¤§ç”·å­ä¸»ä¹‰	(dÃ  nÃ¡nzÇ zhÇ”yÃ¬) male chauvinism		
å¤©	(tiÄn) day		
å¤©æ°”	weather (tiÄnqÃ¬)		due@2021-10-24 05:18:44
å¤ªå¤ª	(tÃ i tai) wife		
å¤ªå¥½äº†	(tÃ i hÇo le) That's great!		due@2021-10-24 05:18:14
å¤ªæ	(tÃ i jÃ­) Tai Chi		due@2021-10-24 05:17:26
å¤ªææ‹³	tÃ ijÃ­quÃ¡n - taichi		
å¤ªé˜³	tÃ i yÃ¡ng - sun		due@2021-10-24 05:18:32
å¤ªé˜³èƒ½	tÃ iyÃ¡ngnÃ©ng ï¼ solar energy		
å¤«å¦»	FÅ«qÄ« - husband and wife; couple		
å¥‡æ€ª	qÃ­ guÃ i - strange		due@2021-10-24 05:16:46
å¥–å­¦é‡‘	jiÇngxuÃ©jÄ«n - scholarship money		
å¥—	(tÃ o) measure word for house, apartment, etc.		due@2021-10-24 05:17:24
å¥—	measure word for suite or set (tÃ o)		due@2021-10-24 05:18:09
å¥³	(nÇš) female		
å¥³å„¿	(nÇš Ã©r) daughter		due@2021-10-24 05:17:31
å¥³æ€§	NÇšxÃ¬ng - female		due@2021-10-24 05:17:18
å¥¹	(tÄ) she; her		
å¥¹ä»¬	(tÄmen) they; them (for females)		
å¥½	(hÇo) very		due@2021-10-24 05:18:46
å¥½ä¹…	(hÇojiÇ”) a long time		due@2021-10-24 05:18:26
å¥½åƒ	(hÇoxiÃ ng) to seem; to be like		due@2021-10-24 05:18:45
å¥½å‡ 	(hÇojÇ) quite a few		due@2021-10-24 05:17:43
å¥½åƒ	( hÇo chÄ« ) delicious (food)		due@2021-10-24 05:18:19
å¥½å¤„	(hÇochu) advantage, benefit		due@2021-10-24 05:18:35
å¥½å¤„	advantage; benefit (hÇochÃ¹)		due@2021-10-24 05:18:08
å¥½ç©å„¿	(hÇowÃ¡nr) fun, amusing, interesting		due@2021-10-24 05:18:08
å¥½çœ‹	hÇokÃ n - nice-looking; attractive		due@2021-10-24 05:19:06
å¦‚æœ...çš„è¯			due@2021-10-24 05:16:52

rÃºguÇ’...de huÃ 	(rÃºguÇ’...de huÃ ) if...then		
å¦‡å¥³	fÃ¹ nÇš - woman		due@2021-10-24 05:18:42
å¦ˆå¦ˆ	(mÄma) mom, mother		
å¦¹å¦¹	(mÃ¨imei) younger sister		
å¦»å­	qÄ«zi - wife		
å¦»ç®¡ä¸¥	(qÄ« guÇn yÃ¡n) wife controls (her husband) strictly		
å§å¦¹	(jiÄ› mÃ¨i) sisters; female friends or co-workers who share a sister-like bond		due@2021-10-24 05:18:12
å§å§	(jiÄ›jie) older sister		due@2021-10-24 05:17:15
å§‘å¦ˆ	gÅ«mÄ - father's sister		
å§“	(xÃ¬ng) surname		
å«‚å­	sÇozi - older brother's wife		due@2021-10-24 05:17:28
å«Œ	XiÃ¡n - to dislike; to mind; to complain of		
å«©	tender (nÃ¨n)		
å­—	(zÃ¬) Character		due@2021-10-24 05:17:27
å­˜	cÃºn - to save up		due@2021-10-24 05:18:35
å­˜æ¬¾	cÃºnkuÇn - bank savings		due@2021-10-24 05:17:15
å­™å¥³	(sÅ«n nÇš) granddaughter; son's daughter		due@2021-10-24 05:17:49
å­™å­	sÅ«n zi - grandson; son's son		due@2021-10-24 05:18:55
å­¦ä¹ 	(xuÃ© xÃ­) to study, learn		due@2021-10-24 05:18:27
å­¦ä½	xuÃ©wÃ¨i - (academic) degree		due@2021-10-24 05:18:25
å­¦åˆ†	xuÃ©fÄ“n - academic credit		due@2021-10-24 05:18:54
å­¦æœŸ	(XuÃ©qÃ­) school term; semester/quarter		due@2021-10-24 05:18:24
å­¦æ ¡	(xuÃ©xiÃ o) school		due@2021-10-24 05:18:25
å­¦ç”Ÿ	(xuÃ© sheng) student		due@2021-10-24 05:18:54
å­©å­	(hÃ¡i zi) child		
å®ƒ	(tÄ) it		due@2021-10-24 05:17:13
å®‰å…¨	(Än quÃ¡n) safe		due@2021-10-24 05:18:27
å®‰å…¨	ï¼ˆÄn quÃ¡nï¼‰safe		
å®‰æ’	Än pÃ¡i - arrangement, to set up		due@2021-10-24 05:18:28
å®‰é™	quiet (Än jÃ¬ng)		due@2021-10-24 05:18:43
å®Œ	(wÃ¡n) finished		
å®Œå…¨	wÃ¡n quÃ¡n - complete, whole, totally, entirely		due@2021-10-24 05:17:52
å®ä¹ 	(shÃ­ xÃ­) to intern		
å®é™…ä¸Š	shÃ­jÃ¬shang - in fact; in reality; actually		due@2021-10-24 05:18:52
å® ç‰©	pet (chÇ’ngwÃ¹)		due@2021-10-24 05:17:04
å®¢å…	living room (kÃ¨tÄ«ng)		due@2021-10-24 05:17:09
å®¢æˆ¶ç¶“ç†	Account Manager (KÃ¨hÃ¹ jÄ«nglÇ)		due@2021-10-24 05:17:48
å®¢æ°”	(kÃ¨qi) polite		due@2021-10-24 05:18:52
å®³	hÃ i - to cause trouble; to do harm		
å®¶	(jiÄ) family, home		due@2021-10-24 05:17:33
å®¶	jiÄ - MW for families and commercial establishments		due@2021-10-24 05:18:50
å®¶ä¹¡	jiÄ xiÄng - hometown		due@2021-10-24 05:18:40
å®¶å…·	furniture (jiÄjÃ¹)		due@2021-10-24 05:18:17
å®¶åŠ¡	household choresï¼› household duties (jiÄ wÃ¹)		due@2021-10-24 05:17:54
å®¶å¸¸	home-style (jiÄchÃ¡ng)		due@2021-10-24 05:16:56
å®¶åº­	jiÄ tÃ­ng - family (unit) / household		due@2021-10-24 05:18:18
å®¶æ•™	jiÄjiÃ o - tutor		
å®¶é•¿	parents; guardian of a child (jiÄzhÇng)		due@2021-10-24 05:16:42
å®¹æ˜“	(rÃ³ng yÃ¬) easy; simple		due@2021-10-24 05:18:49
å®¿èˆ	(sÃ¹shÃ¨) dormitory		due@2021-10-24 05:17:08
å¯„é›»å­éƒµä»¶	to semd email (JÃ¬ diÃ nzÇ yÃ³ujiÃ n)		
å¯’å‡	(hÃ¡n jiÃ ) winter vacation		due@2021-10-24 05:17:43
å¯¹	(duÃ¬) correct		
å¯¹ä¸èµ·	(duÃ¬buqÇ) sorry		due@2021-10-24 05:17:06
å¯¹é¢	duÃ¬ miÃ n - opposite side		due@2021-10-24 05:18:04
å¯¼æ¸¸	(dÇo yÃ³u) tour guide		due@2021-10-24 05:18:58
å°	(fÄ“ng) measure word for letters		due@2021-10-24 05:17:50
å°†æ¥	future (jiÄnglÃ¡i)		due@2021-10-24 05:18:20
å°Šé‡	zÅ«nzhÃ²ng - to respect		
å°	(xiÇo) small		
å°åŒº	(xiÇo qÅ«) community		due@2021-10-24 05:17:31
å°åŒº	(xiÇo qÅ«) community		
å°åŒº	xiÇo qÅ« - residential complex		due@2021-10-24 05:17:59
å°åƒ	xiÇochÄ« - small and inexpensive dishes; snacks		
å°å§	(xiÇo jiÄ›) Miss		
å°å­¦	xiÇoxuÃ© - elementary school		due@2021-10-24 05:19:00
å°å¿ƒ	(xiÇoxÄ«n) to be careful		due@2021-10-24 05:18:42
å°æ—¶	hour (xiÇoshÃ­)		due@2021-10-24 05:18:51
å°ç™½èœ	(xiÇobÃ¡icÃ i) baby bok choy		due@2021-10-24 05:17:57
å°‘æ•°	small number; few; minority (shÇoshÃ¹)		due@2021-10-24 05:17:53
å°	chÃ¡ng - to taste		due@2021-10-24 05:19:00
å°±	(jiÃ¹) just, only		
å°±	(jiÃ¹) precisely; exactly		due@2021-10-24 05:18:39
å°½å¯èƒ½	jÇn kÄ›nÃ©ng - as much as possible; to the best of one's ability		due@2021-10-24 05:18:02
å±‚	cÃ©ng - measure word for floors of a building		due@2021-10-24 05:18:40
å±‹å­	room (wÅ«zi)		due@2021-10-24 05:17:41
å±±	ShÄn - mountain		
å²	(suÃ¬) year (of age)		due@2021-10-24 05:18:26
å·¥ä½œ	(gÅngzuÃ²) to work; job		due@2021-10-24 05:18:31
å·¥å‚	gÅng chÇng - factory		due@2021-10-24 05:18:49
å·¥å•†ç®¡ç†	(gÅngshÄng guÇnlÇ) business management		due@2021-10-24 05:17:13
å·¥èµ„	gÅng zÄ« - wages, pay		
å·¦	left (zuÇ’)		due@2021-10-24 05:18:13
å·®ä¸å¤š	(chÃ  bu duÅ) almost, nearly, just about right		
å·²ç»	(yÇ jÄ«ng) already		
å·´è¥¿	bÄ xÄ« - Brazil		due@2021-10-24 05:18:19
å¸‚åœº	shÃ¬ chÇng - market		due@2021-10-24 05:17:52
å¸…	(shuÃ i) handsome		
å¸ˆå‚…	(shÄ« fu) master worker		due@2021-10-24 05:16:46
å¸Œæœ›	(xÄ« wÃ ng) to hope, wish		
å¸¦	(dÃ i) to bring		
å¸®	(bÄng) to help		due@2021-10-24 05:18:49
å¸®åŠ©	to help (bÄngzhÃ¹)		due@2021-10-24 05:18:30
å¸®å¿™	ï¼ˆbÄng mÃ¡ngï¼‰to help		due@2021-10-24 05:17:47
å¸®å¿™	(bÄngmÃ¡ng) to help		
å¸¸å¸¸	(chÃ¡ngchÃ¡ng) often		due@2021-10-24 05:16:24
å¸½å­	(mÃ o zi) hat		due@2021-10-24 05:18:50
å¹²å‡€	clean (gÄnjÃ¬ng)		
å¹²æ¯	gÄn bÄ“i - to drink a toast, cheers		
å¹³åŸ	pÃ­ngyuÃ¡n - plain		due@2021-10-24 05:17:05
å¹³å¸¸	(pÃ­ngchÃ¡ng) usually		
å¹³ç­‰	PÃ­ngdÄ›ng - equality; equal		
å¹´	(niÃ¡n) year		due@2021-10-24 05:18:59
å¹´å¤œé¥­	niÃ¡n yÃ¨ fÃ n - Chinese New Year's Eve dinner		
å¹´çº§	(niÃ¡n jÃ­) grade in school		
å¹¶	bÃ¬ng - actually; definitely		due@2021-10-24 05:17:41
å¹¸ç¦	(xÃ¬ng fÃº) happiness; happy		due@2021-10-24 05:18:56
å¹¸ç¦	xÃ¬ng fÃº - blessed; happiness; happy		due@2021-10-24 05:17:22
å¹½é»˜	(yÅu mÃ²) humorous; humor		due@2021-10-24 05:18:59
å¹½é»˜	yÅu mÃ² - humorous		due@2021-10-24 05:17:54
å¹¿å‘Š	(guÇnggÃ o) advertisement		
å¹¿åœº	(guÇng chÇng) public square		due@2021-10-24 05:16:49
å¹¿åœº	ï¼ˆguÇngchÇng) public square		due@2021-10-24 05:16:41
åºŠ	(chuÃ¡ng) bed		due@2021-10-24 05:19:00
åº”è¯¥	(yÄ«ng gÄi) should; ought to; must		due@2021-10-24 05:17:52
åº¦	dÃ¹ - m.w. for degree of temperature, heat, humidity		due@2021-10-24 05:18:13
åº§	zuÃ² - (measure word for buildings and mountains)		due@2021-10-24 05:17:47
å»ºç­‘	architecture; to build (jiÃ nzhÃ¹)		
å»ºè®®	jiÃ n yÃ¬ - to suggest; suggestion		due@2021-10-24 05:17:00
å¼€	(kÄi) to open; to hold (a meeting, party, etc.)		
å¼€ä¼š	(kÄi huÃ¬) to have a meeting		due@2021-10-24 05:17:51
å¼€å§‹	(kÄi shÇ) to start		
å¼€å­¦	(kÄixuÃ©) to begin a new semester		
å¼€å­¦	to begin a new semester (kÄi xuÃ©)		due@2021-10-24 05:17:32
å¼€æœ—	kÄi lÇnÉ¡ - extroverted; open and sunny in disposition		
å¼€ç©ç¬‘	(kÄi wÃ¡n xiÃ o) to joke		
å¼€ç©ç¬‘	kÄi wÃ¡n xiÃ o - to play a joke; to make fun of; to joke		due@2021-10-24 05:17:10
å¼€è½¦	(kÄi chÄ“) to drive a car		
å¼“	bow (gÅng)		due@2021-10-24 05:18:29
å¼“	bow (gÅng)		
å¼•èµ·	yÇn qÇ - to give rise to; to lead to; to cause; to arouse		due@2021-10-24 05:18:29
å¼Ÿå¼Ÿ	(dÃ¬di) younger brother		due@2021-10-24 05:18:06
å¼ 	(zhÄng) Measure word (flat object, paper, pictures, etc.)		due@2021-10-24 05:17:47
å½“	(dÄng) to serve as; to be		
å½“ç„¶	(dÄng rÃ¡n) of course		
å½•éŸ³	(LÃ¹yÄ«n) sound recording; to record		due@2021-10-24 05:18:37
å½±	(yÇng) shadow		
å½±å“	yÇng xiÇng - effect, influence		
å¾€	(wÇng) towards		
å¾€	(wÇng) towards		
å¾€	(wÇng) towards		due@2021-10-24 05:16:56
å¾€è¿”	(wÇngfÇn) make a round trip; go there and back		due@2021-10-24 05:18:28
å¾…	to stay (dÄi)		due@2021-10-24 05:18:50
å¾ˆ	(hÄ›n) very		due@2021-10-24 05:18:34
å¾ˆå¥½	(hÄ›n hÇo) very good		due@2021-10-24 05:18:52
å¾ˆå°‘	(hÄ›n shÇo) seldom/very few		due@2021-10-24 05:17:23
å¾‹å¸ˆ	(lÇœshÄ«) lawyer		due@2021-10-24 05:17:24
å¾—	(DÃ©) must; to have to		
å¾—	(dÄ›i) must; to have to		due@2021-10-24 05:17:46
å¾—ç—…	dÃ© bÃ¬ng - to fall ill; to contract a disease		due@2021-10-24 05:18:42
å¿ƒ	(xÄ«n) heart; mind		due@2021-10-24 05:17:45
å¿ƒäº‹	something weighing on one's mind (xÄ«nshÃ¬)		due@2021-10-24 05:17:17
å¿ƒæƒ…	mood (xÄ«nqÃ­ng)		
å¿…é¡»	bÃ¬xÅ« - must, have to		due@2021-10-24 05:18:57
å¿˜	to forget (wÃ ng)		due@2021-10-24 05:18:57
å¿™	(mÃ¡ng) busy		
å¿«	(kuÃ i) fast; quick		
å¿«ä¹	(kuÃ i lÃ¨) happy		
å¿«é¤	kuÃ i cÄn - fast food; quick meal		
å¿µ	(niÃ n) to read aloud		due@2021-10-24 05:19:09
æ€åº¦	tÃ i du - manner, attitude		
æ€ä¹ˆ	(zÄ›n me) how, why		due@2021-10-24 05:17:28
æ€ä¹ˆæ ·	(zÄ›nmeyÃ ng) Is it O.K.? How is that? How does that sound?		due@2021-10-24 05:18:39
æ€•	(pÃ ) to be afraid; to fear		due@2021-10-24 05:18:38
æ€è€ƒ	sÄ« kÇo - ponder over; think deeply; contemplation		
æ€¥å¿™	jÃ­mÃ¡ng - hastily; in a hurry		
æ€§æ ¼	(xÃ¬ng gÃ©) personality, character		due@2021-10-24 05:18:18
æ€§æ ¼	xÃ¬ng gÃ© - personality, character		
æ€»	zÇ’ng - always		due@2021-10-24 05:18:27
æ€»ä¹‹	zÇ’ng zhÄ« - in a word / in short / in brief		due@2021-10-24 05:18:10
ææ€•	(kÇ’ng pÃ ) fear; to dread; I'm afraid that...; perhaps; maybe		due@2021-10-24 05:17:58
æ­å–œ	gÅngxÇ - to congratulate		
æ‚¨	(nÃ­n) You (polite, as opposed to informal ä½  nÇ)		
æƒ…å†µ	qÃ­ng kuÃ ng - circumstances, situation, condition		
æƒ³	(xiÇng) to want to; would like to; to think		
æƒ³	(xiÇng) to want to; would like to; to think		
æƒ³æ³•	(xiÇng fÇ) idea, opinion		due@2021-10-24 05:16:23
æƒ³è±¡	xiÇng xiÃ ng - to imagine; to visualize; imagination		
æƒ³èµ·æ¥	(xiÇng qi lai) to remember; to recall		due@2021-10-24 05:18:24
æ„å¤§åˆ©	YÃ¬dÃ lÃ¬ - Italy		due@2021-10-24 05:18:03
æ„æ€	(yÃ¬sÄ«) meaning		due@2021-10-24 05:17:04
æ„æ€	yÃ¬si - meaning		due@2021-10-24 05:17:50
æ„è§	yÃ¬ jiÃ n - idea, opinion		
æ„Ÿå†’	(gÇnmÃ o) to have a cold		due@2021-10-24 05:17:58
æ„ŸåŠ¨	(gÇn dÃ²ng) to move someone emotionally		due@2021-10-24 05:16:19
æ„Ÿæƒ…	gÇn qÃ­ng - emotion, feeling, affection		due@2021-10-24 05:16:23
æ„Ÿè§‰	gÇn juÃ© - to feel; sense perception; to preceive		due@2021-10-24 05:17:18
æ„¿æ„	(yuÃ nyÃ¬) to be willing		due@2021-10-24 05:16:39
æ…¢	(mÃ n) slow		due@2021-10-24 05:18:49
æ‡‚	(dÇ’ng) to understand		due@2021-10-24 05:18:38
æ‡’	lazy (lÇn)		due@2021-10-24 05:18:45
æˆ	to become (chÃ©ng)		due@2021-10-24 05:18:19
æˆ	town; city (chÃ©ng)		due@2021-10-24 05:18:25
æˆä¸º	chÃ©ng wÃ©i - to become, to turn into		
æˆåŠŸ	chÃ©ng gÅng - success, to succeed		
æˆç»©	chÃ©ng jÃ¬ - grade, score, achievement		due@2021-10-24 05:18:04
æˆ‘	(wÇ’) I; me		due@2021-10-24 05:17:21
æˆ‘ä»¬	(wÇ’men) we; us		due@2021-10-24 05:17:19
æˆ–è€…	(huÃ² zhÄ›) or		
æˆ¿ä¸œ	FÃ¡ngdÅng: Landlord or landlady		
æˆ¿å­	(fÃ¡ng zi) house; apartment		due@2021-10-24 05:18:53
æˆ¿ç§Ÿ	rent (fÃ¡ngzÅ«)		due@2021-10-24 05:16:58
æˆ¿é—´	room (fÃ¡ngjiÄn)		due@2021-10-24 05:17:01
æ‰€ä»¥	(suÇ’yÇ) so		due@2021-10-24 05:18:30
æ‰‹	hand (shÇ’u)		
æ‰‹æœº	(shÇ’ujÄ«) cell phone		due@2021-10-24 05:18:50
æ‰	(cÃ¡i) not until; only then		due@2021-10-24 05:18:10
æ‰“	(dÇ) to hit		due@2021-10-24 05:17:44
æ‰“äº¤é“	to deal with (dÇ jiÄodÃ o)		due@2021-10-24 05:18:54
æ‰“å‘¼å™œ	dÇ hÅ«lu - to snore		
æ‰“å·¥	(dÇ gÅng) to work at a temporary job (often part time)		due@2021-10-24 05:18:23
æ‰“æ‰«	(dÇ sÇo) to clean; to sweep		due@2021-10-24 05:18:36
æ‰“æŠ˜	(dÇ zhÃ©) to give a discount		
æ‰“çƒ	(dÇ qiÃº) to play ball		due@2021-10-24 05:17:44
æ‰“ç”µè¯	(dÇ diÃ nhuÃ ) to make a phone call		due@2021-10-24 05:17:53
æ‰“ç®—	(dÇ suÃ n) to plan		
æ‰“è½¦	(dÇ chÄ“) to take a taxi		due@2021-10-24 05:17:17
æ‰“è½¦	(dÇ chÄ“) to take a taxi		
æ‰“é’ˆ	(dÇ zhÄ“n) to give or have an injection		due@2021-10-24 05:18:31
æ‰”	rÄ“ng - to throw, throw away		
æ‰˜è¿	to check (luggage) (tuÅyÃ¹n)		
æ‰¾	(zhÇo) to look for		due@2021-10-24 05:18:12
æ‰¾è³‡æ–™	Search (ZhÇo zÄ«liÃ o)		due@2021-10-24 05:17:09
æ‰¾é’±	(zhÇoqiÃ¡n) to give change		
æŠŠ	(bÇ ) indicating a thing is disposed of		
æŠŠ	(bÇ ) measure word for things with handles		due@2021-10-24 05:17:55
æŠ•èµ„	tÃ³u zÄ« - investment; to invest		
æŠ¤ç…§	passport (hÃ¹zhÃ o)		due@2021-10-24 05:18:56
æŠ¥å	bÃ o mÃ­ng - to sign up; to enter one's name; to apply; to register; to enroll; to enlist		due@2021-10-24 05:17:53
æŠ¥çº¸	newspaper (bÃ ozhÇ)		
æŠ±	(bÃ o) to hold; to carry (in one's arms); to hug or embrace; surround; cherish		
æŠ±æ€¨	bÃ oyuÃ n - to complain		due@2021-10-24 05:18:57
æŠµæŠ¼	to mortgage (dÇ yÄ)		due@2021-10-24 05:18:01
æŠ¼é‡‘	(yÄjÄ«n) security deposit [n.]		due@2021-10-24 05:16:54
æ‹…å¿ƒ	(dÄn xÄ«n) worried, to worry		
æ‹‰	(lÃ ) (colloq.) to leave (something) behind		due@2021-10-24 05:18:29
æ‹‰	pull		
æ‹	(pÄi) racket		due@2021-10-24 05:18:36
æ‹	pÄi - to take pictures; to shoot film; to clap; to pat		
æ‹ç…§	to take pictures (pÄizhÃ o)		due@2021-10-24 05:18:22
æ‹	to turn (guÇi)		due@2021-10-24 05:17:24
æ‹œå¹´	bÃ iniÃ¡n - to wish somebody a happy Chinese New Year; to pay a Chinese New Year's call		due@2021-10-24 05:16:57
æ‹¥æŠ±	yÅng bÃ o - to embrace; to hug; to hold in one's arms		due@2021-10-24 05:17:01
æ‹¿	(nÃ¡) to take, to get		due@2021-10-24 05:18:19
æŒ‚	guÃ  - hang, hang up		due@2021-10-24 05:18:33
æŒ‡å¯¼	zhÇdÇo - to guide; guidance		due@2021-10-24 05:18:47
æŒ£é’±	to earn money; to make money (zhÃ¨ng qiÃ¡n)		due@2021-10-24 05:17:59
æŒ¤	jÇ - crowded; to push against; to squeeze		
æŒº	(tÇng) very; rather		due@2021-10-24 05:18:43
æŒº...çš„	(TÇng...de) quite; pretty		
æŒºã€‚ã€‚ã€‚çš„	(tÇng...de) quite		due@2021-10-24 05:18:48
æ¢	(huÃ n) to change, exchange		
æ’	(pÃ¡i) row, rank, line		due@2021-10-24 05:18:52
æ¥	(jiÄ“) to meet, pick someone up		
æ¥å—	(jiÄ“shÃ²u) to accept; to take on; to undertake		due@2021-10-24 05:17:41
æ¥ç€	jiÄ“zhe - to follow; to continue		due@2021-10-24 05:17:51
æ¥è¿‘	jiÄ“ jÃ¬n - close to, near to		due@2021-10-24 05:17:42
æ¨	tuÄ« - to push		due@2021-10-24 05:18:00
æ	tÃ­ - to mention; to bring up		due@2021-10-24 05:17:54
æé«˜	(tÃ­ gÄo) improve, increase, raise the level of		due@2021-10-24 05:17:10
æ¬	to move (bÄn)		due@2021-10-24 05:18:35
æ¬å®¶	(bÄn jiÄ) to move (one's residence)		due@2021-10-24 05:16:39
æ¬å®¶	ï¼ˆbÄn jiÄï¼‰to move (one's residence)		due@2021-10-24 05:17:33
æ‘„æ°	(ShÃ¨shÃ¬) Celsius; centigrade		due@2021-10-24 05:16:41
æ‘†	(bÇi) put, place; display; swing, sway		due@2021-10-24 05:17:44
æ”’	zÇn - to accumulate; to hoard; to save; to scrape together		due@2021-10-24 05:18:23
æ”å½±	photography (ShÃ¨yÇng)		
æ”¶	(shÅu) to receive; to accept		due@2021-10-24 05:17:14
æ”¶å…¥	income (shÅurÃ¹)		
æ”¶é›»å­éƒµä»¶	to receive email (ShÅu diÃ nzÇ yÃ³ujiÃ n)		due@2021-10-24 05:17:15
æ”¹é©å¼€æ”¾	gÇigÃ©kÄifÃ ng - to reform and open up		due@2021-10-24 05:18:26
æ”¾	(fÃ ng) to put; to place; to let out		due@2021-10-24 05:18:11
æ”¾å‡	(fÃ ng jiÃ ) to have a holiday or vacation		due@2021-10-24 05:17:17
æ”¿åºœ	government (zhÃ¨ngfÇ”)		
æ”¿åºœ	government (zhÃ¨ngfÇ”)		due@2021-10-24 05:18:54
æ”¿æ²»	(zhÃ¨ngzhÃ¬) politics		due@2021-10-24 05:16:59
æ”¿æ²»	politics (ZhÃ¨ngzhÃ¬)		
æ•…äº‹	gÃ¹ shi - story; tale		
æ•™	(jiÄo) to teach		due@2021-10-24 05:18:34
æ•™å®¤	(jiÃ o shÃ¬) classroom		due@2021-10-24 05:18:47
æ•™æˆ	professor (jiÃ oshÃ²u)		due@2021-10-24 05:17:51
æ•™è‚²	jiÃ o yÃ¹ - education		due@2021-10-24 05:18:45
æ•¢	gÇn - to dare		due@2021-10-24 05:18:17
æ•£æ­¥	sÃ n bÃ¹ - to take a walk		due@2021-10-24 05:16:51
æ•°å­—	shÃ¹ zÃ¬ - number; figure; digit		
æ•°å­¦	(shÃ¹xuÃ©) mathematics		
æ•´å¤©	zhÄ›ng tiÄn - all day long		due@2021-10-24 05:17:12
æ•´ç†	(zhÄ›ng lÇ) to arrange, tidy up, sort out		due@2021-10-24 05:17:34
æ–‡å…·	wÃ©n jÃ¹ - stationery		
æ–‡åŒ–	culture (wÃ©nhuÃ )		
æ–‡åŒ–åšç‰©é¤¨	cultural museum (WÃ©nhuÃ  bÃ³wÃ¹guÇn)		due@2021-10-24 05:18:46
æ–‡å­¦	literature (wÃ©nxuÃ©)		
æ–‡ç« 	wÃ©n zhÄng - article, essay		
æ–°	(xÄ«n) new		due@2021-10-24 05:17:51
æ–°å¹´	(xÄ«nniÃ¡n) new year		
æ–°ç”Ÿ	(xÄ«nshÄ“ng) new student		
æ–°ç”Ÿ	new student (xÄ«n shÄ“ng)		
æ–°è	news (XÄ«nwÃ©n)		due@2021-10-24 05:17:15
æ–°é—»	news (xÄ«nwÃ©n)		due@2021-10-24 05:18:20
æ–°é²œ	xÄ«nxiÄn - fresh		
æ–¹ä¾¿	(fÄngbiÃ n) convenient		
æ–¹ä¾¿	(fÄngbiÃ n) convenient		due@2021-10-24 05:18:03
æ–¹å¼	way; method (fÄng shÃ¬)		due@2021-10-24 05:19:04
æ–¹é¢	fÄng miÃ n - side, aspect, respect		due@2021-10-24 05:18:03
æ—è¾¹	(pÃ¡ngbiÄn) next to, beside		
æ—è¾¹	(pÃ¡ngbiÄn) next to; beside		due@2021-10-24 05:18:09
æ—è¾¹	(pÃ¡ngbiÄn) side		due@2021-10-24 05:17:53
æ—…å®¢	lÇškÃ¨ - passenger; voyager; traveler		due@2021-10-24 05:18:34
æ—…æ¸¸	lÇš yÃ³u - to travel		
æ—…è¡Œ	to travel (lÇšxÃ­ng)		
æ—…é¦†	hotel (lÇšguÇn)		due@2021-10-24 05:18:10
æ— è®º	wÃº lÃ¹n - regardless of, no matter what		
æ—¥	(rÃ¬) day; the sun		due@2021-10-24 05:18:59
æ—¥æœ¬	(RÃ¬ bÄ›n) Japan		due@2021-10-24 05:16:43
æ—¥ç”¨å“	rÃ¬ yÃ²ng pÇn - Daily Necessities		due@2021-10-24 05:18:58
æ—¥è®°	(rÃ¬ jÃ¬) diary		due@2021-10-24 05:18:12
æ—§	jiÃ¹ - old		
æ—©	(zÇo) morning, early		
æ—©ä¸Š	(zÇoshang) early morning		due@2021-10-24 05:18:53
æ—©æ™¨	early morning (zÇochÃ©n)		due@2021-10-24 05:16:51
æ—©é¥­	(zÇofÃ n) breakfast		due@2021-10-24 05:17:06
æ—¶ä»£	era; age (shÃ­dÃ i)		
æ—¶å€™	(shÃ­hou) time; moment (duration of time)		due@2021-10-24 05:18:20
æ—¶é—´	(shÃ­jiÄn) time		
æ—¶é«¦	shÃ­ mÃ¡o - fashionable, stylish		due@2021-10-24 05:18:41
æ˜å¤©	(mÃ­ngtiÄn) tomorrow		
æ˜Ÿæ˜Ÿ	(xÄ«ngxing) star		due@2021-10-24 05:17:55
æ˜ŸæœŸ	(xÄ«ngqÄ«) week		
æ˜ŸæœŸä¸€	(xÄ«ng qÄ« yÄ«) Monday		
æ˜ŸæœŸä¸‰	(xÄ«ng qÄ« sÄn) Wednesday		due@2021-10-24 05:17:40
æ˜ŸæœŸäºŒ	(xÄ«ng qÄ« Ã¨r) Tuesday		
æ˜ŸæœŸäº”	(xÄ«ng qÄ« wÇ”) Friday		due@2021-10-24 05:17:04
æ˜ŸæœŸå…­	(xÄ«ng qÄ« liÃ¹) Saturday		due@2021-10-24 05:17:51
æ˜ŸæœŸå››	(xÄ«ng qÄ« sÃ¬) Thursday		
æ˜ŸæœŸæ—¥	(xÄ«ng qÄ« rÃ¬) Sunday		due@2021-10-24 05:17:54
æ˜¥å¤©	spring (chÅ«ntiÄn)		
æ˜¨å¤©	(zuÃ³tiÄn) yesterday		due@2021-10-24 05:18:42
æ˜¯	(shÃ¬) to be		due@2021-10-24 05:17:48
æ˜¾å¾—	to appear (to be); to seem (xiÇn de)		due@2021-10-24 05:17:29
æ™š	(wÇn) late; evening		due@2021-10-24 05:18:31
æ™šä¸Š	(wÇnshang) evening; night		due@2021-10-24 05:18:11
æ™šä¼š	wÇnhuÃ¬ - evening party		due@2021-10-24 05:18:32
æ™šé¥­	(wÇnfÃ n) dinner; supper		
æ™¯ç‚¹	jÇngdiÇn - scenic spot; tourist spot		due@2021-10-24 05:18:30
æš‘å‡	(shÇ”jiÃ ) summer vacation		due@2021-10-24 05:18:24
æš‘æœŸ	summer term (shÇ”qÄ«)		due@2021-10-24 05:17:06
æš–å’Œ	(nuÇnhuo) warm; nice and warm		due@2021-10-24 05:18:20
æš–æ°”	NuÇnqÃ¬ - central heating		due@2021-10-24 05:17:50
æ›´	even more (gÃ¨ng)		due@2021-10-24 05:17:54
æœ€	most (zuÃ¬)		
æœ€å	(zuÃ¬ hÃ²u) final; last		
æœ€å¥½	(zuÃ¬ hÇo) had better		
æœ€å¥½	(zuÃ¬ hÇo) had better [adv.]		
æœ€è¿‘	(zuÃ¬ jÃ¬n) recently		
æœˆ	(yuÃ¨) month		due@2021-10-24 05:19:08
æœˆé¥¼	yuÃ¨ bÇng - mooncakes		due@2021-10-24 05:16:57
æœ‰	(yÇ’u) to have		
æœ‰å	(yÇ’umÃ­ng) famous; well-known		
æœ‰æ„æ€	(yÇ’u yÃ¬si) interesting		
æœ‰æ—¶å€™	(yÇ’u shÃ­ hou) sometimes		due@2021-10-24 05:17:06
æœ‰ç”¨	yÇ’uyÃ²ng - useful		due@2021-10-24 05:18:05
æœ‰çš„	(yÇ’ude) some		
æœ‰ç›Š	yÇ’uyÃ¬ - beneficial; useful		
æœ‹å‹	(pÃ©ngyou) friend		
æœåŠ¡	(fÃºwÃ¹) to serve, to provide service		due@2021-10-24 05:17:40
æœåŠ¡å‘˜	(fÃºwÃ¹yuÃ¡n) waiter, waitress		due@2021-10-24 05:17:30
æœè£…	FÃºzhuÄng - clothing; apparel		
æœ›å¥³æˆé£	wÃ ng nÇš chÃ©ng fÃ¨ng - to hope that one's daughter will become a phoenix; to hope that one's daughter will become successful		
æœ›å­æˆé¾™	wÃ ng zÇ chÃ©ng lÃ³ng - hope for one's son to be successfulï¼›to hope that one's son will become a dragon		
æœªå©šå¦»	wÃ¨ihÅ«nqÄ« - fiancÃ©e		
æœ«	mÃ² - end		due@2021-10-24 05:18:41
æœ¬	(bÄ›n) measure word for books		
æœ¬æ¥	bÄ›n lÃ¡i - originally, at first		due@2021-10-24 05:16:50
æœºä¼š	jÄ« huÃ¬ - chance, opportunity		due@2021-10-24 05:18:25
æ‚å¿—	magazine (zÃ¡zhÃ¬)		due@2021-10-24 05:17:20
æ	(LÇ) Li		due@2021-10-24 05:18:33
æ¡	(tiÃ¡o) measure word for pants and long, thin objects		due@2021-10-24 05:16:21
æ¡ä»¶	tiÃ¡o jiÃ n - requirements, conditions		due@2021-10-24 05:18:31
æ¥	(lÃ¡i) to come		due@2021-10-24 05:18:34
æ¥å¾€	LÃ¡i wÇng: To come and go; to have dealings with		due@2021-10-24 05:18:56
æ¯	(bÄ“i) (measure word for cup and glass) cup of; glass of		due@2021-10-24 05:18:12
æ	(jÃ­) extremely		due@2021-10-24 05:17:48
æ•å¤´	zhÄ›ntou - pillow		
æ	(zhÄ«) Measure word (long, thin, inflexible, objects such as pens, rifles, etc.)		
æŸ	mÇ’u - certain, some		due@2021-10-24 05:17:50
æŸœå­	guÃ¬zi - cabinet, cupboard		due@2021-10-24 05:19:07
æŸ¥	(chÃ¡) to check; to look up		due@2021-10-24 05:18:35
æ ‡å‡†	biÄo zhÇ”n - standard, requirement		
æ ‹	dÃ²ng - measure word for buildings		
æ ‘	shÃ¹ - tree		due@2021-10-24 05:18:54
æ ‘æ—	shÃ¹lÃ­n - woods; forest		
æ ¡å†…	on campus (xiÃ o nÃ¨i)		
æ ¡å†…	on campus (xiÃ o nÃ¨i)		due@2021-10-24 05:18:23
æ ¡å¤–	off campus (xiÃ o wÃ i)		
æ ¡å¤–	off campus (xiÃ o wÃ i)		due@2021-10-24 05:17:11
æ ·å­	(yÃ ngzi) style		
æ ¹æœ¬	gÄ“n bÄ›n (not) at all / simply / fundamental / basic / root		
æ¡Œå­	(zhuÅ zi) table		
æ¢¨	pear (lÃ­)		due@2021-10-24 05:16:39
æ£€æŸ¥	(jiÇnchÃ¡) to examine		
æ£’	(bÃ ng) fantastic; super (colloquial; Northener)		due@2021-10-24 05:16:24
æ¤…å­	chair (yÇzi)		due@2021-10-24 05:18:50
æ¥¼	(lÃ³u) building; floor		due@2021-10-24 05:18:51
æ¥¼	(lÃ³u) floor, multi-storey building		due@2021-10-24 05:18:26
æ¥¼	(lÃ³u) floor, multi-storey building		due@2021-10-24 05:17:26
æ¨¡èŒƒ	(mÃ³fÃ n) exemplary; model; fine example		due@2021-10-24 05:16:59
æ©˜çº¢è‰²	(jÃºhÃ³ngsÃ¨) orange		due@2021-10-24 05:18:11
æ¬ 	qiÃ n - to owe		
æ¬¡	(cÃ¬) number of times (measure word)		due@2021-10-24 05:17:46
æ­Œ	(gÄ“) song		
æ­£åœ¨	(zhÃ¨ng zÃ i) in the middle of (doing something)		
æ­£å¥½	zhÃ¨ng hÇo - coincidentally		
æ­£å¼	zhÃ¨ng shÃ¬ - formal, official		due@2021-10-24 05:17:55
æ­£æœˆ	ZhÄ“ngyuÃ¨ - first month of the lunar year; first moon		due@2021-10-24 05:18:53
æ­·å²åšç‰©é¤¨	history museum (LÃ¬shÇ bÃ³wÃ¹guÇn)		
æ®µ	duÃ n - paragraph; section; segment; stage (of a process); classifier for stories, periods of time, lengths of thread etc		
æ¯	(mÄ›i) every; each		
æ¯”	comparison marker (to compare) (bÇ)		due@2021-10-24 05:17:08
æ¯”åˆ†	bÇfÄ“n - score		
æ¯”å¦‚	bÇ rÃº for example; for instance; such as		
æ¯”èµ›	(bÇ sÃ i) competition, contest, match		due@2021-10-24 05:18:41
æ¯”è¾ƒ	(bÇ jiÃ o) relatively, comparatively		due@2021-10-24 05:18:41
æ¯”è¾ƒ	ï¼ˆbÇ jiÃ oï¼‰relatively, comparatively		due@2021-10-24 05:18:37
æ¯•ä¸š	bÃ¬ yÃ¨ - graduation, to finish school		
æ¯•ç«Ÿ	(bÃ¬jÃ¬ng) after all; all in all; in the final analysis; when all is said and done		due@2021-10-24 05:17:56
æ¯›	(mÃ¡o) measure word for 1/10 of a kuai, dime (US money)		
æ¯›å·¾	mÃ¡o jÄ«n - towel		due@2021-10-24 05:18:25
æ¯›è¡£	mÃ¡oyÄ« - sweater		
æ¯¯å­	blanket (tÇn zi)		due@2021-10-24 05:17:57
æ°‘ä»¥é£Ÿä¸ºå¤©	mÃ­n yÇ shÃ­ wÃ©i tiÄn - the people think of food as important as heaven		due@2021-10-24 05:18:36
æ°‘æ—	mÃ­n zÃº - nationality, ethnic group		
æ°”æ°›	qÃ¬ fÄ“n - atmosphere; ambiance; mood		
æ°´	(shuÇ) water		due@2021-10-24 05:17:13
æ°´å¹³	(shuÇ pÃ­ng) level, standard		due@2021-10-24 05:18:49
æ°´æœ	fruit (shuÇguÇ’)		due@2021-10-24 05:18:13
æ±‰å­—	(hÃ n zÃ¬) Chinese characters		
æ±¡æŸ“	wÅ« rÇn - pollution		due@2021-10-24 05:17:03
æ±¤	soup (tÄng)		
æ²™å‘	sofa (shÄfÄ)		due@2021-10-24 05:18:49
æ²™æ¼ 	shÄmÃ² - desert		due@2021-10-24 05:17:20
æ²¡	(mÃ©i) not		
æ²¡å…³ç³»	(mÃ©i guÄn xi ) it doesn't matter; it's ok		due@2021-10-24 05:18:48
æ²¡é—®é¢˜	(mÃ©i wÃ¨ntÃ­) no problems		
æ²³	hÃ© - river		due@2021-10-24 05:17:30
æ²³æµ	hÃ© liÃº -river		
æ²¹	yÃ³u - oil; oily		
æ²¿æµ·	along the coast (yÃ¡nhÇi)		due@2021-10-24 05:18:27
æ³•å¾‹	(fÇ lÇœ) law, legal		due@2021-10-24 05:18:54
æ³¨æ„	pay attention to (zhÃ¹yÃ¬)		due@2021-10-24 05:17:46
æ´—	xÇ - to wash		due@2021-10-24 05:18:50
æ´—æ¾¡	(xÇ zÇo) to take a bath, shower		due@2021-10-24 05:18:36
æ´—è¡£æœº	washing machine (xÇyÄ«jÄ«)		
æ´—è¡£ç²‰	xÇyÄ«fÄ›n - laundry powder		due@2021-10-24 05:18:26
æ´»åŠ›	huÃ³lÃ¬ - vitality; energy		due@2021-10-24 05:17:13
æ´»åŠ¨	activity (huÃ³dÃ²ng)		due@2021-10-24 05:18:41
æµ	to flow (liÃº)		due@2021-10-24 05:16:41
æµªæ¼«	(lÃ ngmÃ n) romantic		due@2021-10-24 05:17:19
æµªè´¹	lÃ ng fÃ¨i - to waste, squander		
æµ·	HÇi - sea; ocean		due@2021-10-24 05:18:54
æ¶ˆæ¯	xiÄo xi - news, information		
æ¶ˆè´¹	xiÄofÃ¨i - consume (goods or services), consumption		due@2021-10-24 05:18:38
æ¶¨	zhÇng - to rise (of prices, rivers)		
æ·±	(shÄ“n) deep		due@2021-10-24 05:18:21
æ·±	shÄ“n - profound; intimate (of relations or feelings); deep, dark (color)		due@2021-10-24 05:18:25
æ¸…æ¥š	(qÄ«ng chu) clear, to understand		
æ¸…æ·¡	qÄ«ngdÃ n - light in flavor		due@2021-10-24 05:18:21
æ¸…è’¸	qÄ«ngzhÄ“ng - to steam (food without heavy sauce)		
æ¸©åº¦	WÄ“ndÃ¹ - temperature		
æ¸´	thirsty (kÄ›)		
æ¸¸å®¢	yÃ³ukÃ¨ - tourist		due@2021-10-24 05:17:58
æ¸¸æˆ	game (yÃ³u xÃ¬)		due@2021-10-24 05:18:45
æ¸¸æ³³	(yÃ³u yÇ’ng) to swim		
æ¸¸æ³³	(yÃ³uyÇ’ng) to swim		due@2021-10-24 05:18:13
æ¸¸æ³³	(yÃ³uyÇ’ng) to swim		due@2021-10-24 05:16:25
æ¸¸æ³³æ± 	(yÃ³u yÇ’ng chÃ­) swimming pool		due@2021-10-24 05:18:23
æ¸¸æ³³æ± 	(yÃ³uyÇ’ng chÃ­) swimming pool		
æ¸¸è§ˆ	to go sightseeing; to tour; excursion (yÃ³ulÇn)		due@2021-10-24 05:18:01
æ»¡	mÇn - full, complete		due@2021-10-24 05:17:55
æ¼‚äº®	(piÃ oliang) pretty		
æ¼”	(yÇn) to show (a film); to perform		due@2021-10-24 05:17:09
æ¼”å”±ä¼š	vocal concert (yÇnchÃ nghuÃ¬)		due@2021-10-24 05:18:55
ç«è½¦	huÇ’ chÄ“ - train		
ç¯	(dÄ“ng) light		
ç¯ç¬¼	dÄ“ng lÃ³ng - lantern		
ç°è‰²	(hÃºi sÃ¨) grey		due@2021-10-24 05:17:04
ç‚’	chÇo - to stir-fry; to sautÃ©; to speculate (for profit)		due@2021-10-24 05:18:50
ç‚¹	(diÇn) o'clock		due@2021-10-24 05:19:00
ç‚¹ï¼ˆå„¿ï¼‰	(diÇn[r]) a little, a bit		due@2021-10-24 05:18:59
ç‚¹èœ	(diÇn cÃ i) to order food		
çƒ˜å¹²æœº	hÅnggÄnjÄ«- clothes dryer		
çƒ­	hot (rÃ¨)		due@2021-10-24 05:18:17
çƒ­é—¹	rÃ¨ nao - lively, bustling		due@2021-10-24 05:17:56
ç„¶å	(rÃ¡n hÃ²u) then		due@2021-10-24 05:18:40
ç…¤	mÃ©i - coal		
ç…§ç‰‡	(zhÃ o piÃ n) photo; picture		
ç…§é¡¾	(zhÃ ogÃ¹) to look after, give consideration to		due@2021-10-24 05:17:09
ç†ŠçŒ«	xiÃ³ngmÄo - panda		
ç†Ÿæ‚‰	(shÃº xÄ«) be familiar with, know well		due@2021-10-24 05:18:34
ç†Ÿæ‚‰	shÃº xÄ« - be familiar with, know well		
ç†¬å¤œ	Ã¡o yÃ¨ - to stay up late or all night; to burn the midnight oil		due@2021-10-24 05:18:13
çˆ¬å±±	pÃ¡ shÄn - to climb/hike a mountain		
çˆ±	love (Ã i)		
çˆ±å¥½	Ã i hÃ o - hobby		due@2021-10-24 05:18:57
çˆ±æƒ…	(Ã i qÃ­ng) romantic love		
çˆ¶æ¯	(fÃ¹mÇ”) father and mother; parents		due@2021-10-24 05:18:38
çˆ¸çˆ¸	(bÃ ba) dad, father		due@2021-10-24 05:17:53
ç‰‡	(piÃ n) measure word for tablet; slice		due@2021-10-24 05:17:27
ç‰Œå­	pÃ¡izi - brand		due@2021-10-24 05:18:13
ç‰™è†	toothpaste (yÃ¡ gÄo)		
ç‰›	(niÃº) cow; ox		due@2021-10-24 05:18:05
ç‰›ä»”è£¤	niÃºzÇikÃ¹ - jeans		
ç‰›è‚‰	beef (niÃºrÃ²u)		due@2021-10-24 05:17:50
ç‰©ç†	(wÃ¹ lÇ) physics		due@2021-10-24 05:18:07
ç‰©ç¾ä»·å»‰	attractive goods at inexpensive prices ï¼ˆwÃ¹ mÄ›i jiÃ  liÃ¡nï¼‰		due@2021-10-24 05:17:59
ç‰¹åˆ«	(tÃ¨ biÃ©) especially		due@2021-10-24 05:17:21
ç‰¹è‰²	tÃ¨sÃ¨ - distinguishing feature or quality; characteristic		due@2021-10-24 05:17:50
ç‹ç‹¸	fox (hÃºli)		
ç‹—	(gÇ’u) dog		due@2021-10-24 05:18:37
ç‹—	dog (gÇ’u)		due@2021-10-24 05:18:24
çŒ«	(mÄo) cat		due@2021-10-24 05:16:45
ç‹	(WÃ¡ng) Wang		
ç©ï¼ˆå„¿ï¼‰	(wÃ¡n[r]) to have fun; to play		due@2021-10-24 05:18:28
ç¯å¢ƒ	huÃ¡n jÃ¬ng - environment, surroundings, situation		
ç°åœ¨	(xiÃ nzÃ i) now		
ç°è±¡	xiÃ n xiÃ ng - appearance, phenomenon		due@2021-10-24 05:18:00
ç°é‡‘	cash (xiÃ njÄ«n)		
ç­	class (bÄn)		due@2021-10-24 05:18:30
çƒ	(qiÃº) ball		due@2021-10-24 05:18:41
ç†è§£	to understand (lÇjiÄ›)		
ç†è´¢	to manage money (lÇ cÃ¡i)		due@2021-10-24 05:18:47
ç‘œä¼½	yoga (yÃºjiÄ)		
ç“¶	(pÃ­ng) (measure word for bottles); bottle		due@2021-10-24 05:17:12
ç“¶è£…æ°´	pÃ­ngzhuÄngshuÇ ï¼ bottled water		due@2021-10-24 05:18:48
ç”šè‡³	shÃ¨n zhÃ¬ - even		
ç”œ	sweet (tiÃ¡n)		due@2021-10-24 05:17:58
ç”Ÿ	shÄ“ng - to give birth to; to be born		
ç”Ÿæ—¥	(shÄ“ngrÃ¬) birthday		due@2021-10-24 05:18:52
ç”Ÿæ°”	shÄ“ng qÃ¬ - angry		
ç”Ÿæ´»	(shÄ“ng huÃ³) life, to live		due@2021-10-24 05:18:51
ç”Ÿæ´»	(shÄ“ng huÃ³) life; to live		due@2021-10-24 05:17:03
ç”Ÿæ´»	ï¼ˆshÄ“ng huÃ³ï¼‰life, to live		due@2021-10-24 05:18:40
ç”Ÿç—…	(shÄ“ng bÃ¬ng) to get sick [vo.]		
ç”Ÿè¯	(ShÄ“ngcÃ­) new words; vocabulary		due@2021-10-24 05:16:58
ç”¢æ¥­	industry (sector) (ChÇnyÃ¨)		
ç”¨	(yÃ²ng) to use		due@2021-10-24 05:16:49
ç”¨åŠŸ	hard-working; diligent; studious (yÃ²nggÅng)		
ç”±	(yÃ³u) by, via, through; from		
ç”³è¯·	shÄ“n qÇng - application, to apply (school or a job)		
ç”µ	(diÃ n) electricity		due@2021-10-24 05:16:54
ç”µ	electricity (diÃ n)		due@2021-10-24 05:18:06
ç”µå­é‚®ä»¶	(diÃ n zÇ yÃ³u jiÃ n) email		due@2021-10-24 05:16:24
ç”µå½±	(diÃ nyÇng) movie		
ç”µå½±é™¢	diÃ nyÇngyuÃ n - movie theater		due@2021-10-24 05:16:55
ç”µè„‘	(diÃ nnÇo) computer		due@2021-10-24 05:18:08
ç”µè§†	(diÃ nshÃ¬) television		
ç”µè¯	(diÃ nhuÃ ) telephone		due@2021-10-24 05:18:13
ç”·	(nÃ¡n) male		
ç”·å­	NÃ¡nzÇ - man; male		
ç”»ç”»å„¿	to draw; to paint ï¼ˆhuÃ  huÃ rï¼‰		due@2021-10-24 05:17:16
ç•™ï¼ˆä¸‹ï¼‰	to leave behind; to stay behind (liÃº (xiÃ ))		due@2021-10-24 05:18:43
ç•™å­¦	liÃº xuÃ© - to study abroad		due@2021-10-24 05:18:51
ç•™å­¦ç”Ÿ	student studying abroad (liÃºxuÃ©shÄ“ng)		due@2021-10-24 05:18:53
ç•ª	FÄn - (measure word for type or kind)		
ç–¼æ­»	really painful (tÃ©ng sÇ)		due@2021-10-24 05:18:33
ç—…äºº	patient (bÃ¬ngrÃ©n)		due@2021-10-24 05:18:17
ç—’	itchy (yÇng)		
ç™»æœºå£	(dÄ“ngjÄ«kÇ’u) boarding gate		due@2021-10-24 05:18:46
ç™»æœºç‰Œ	(dÄ“ngjÄ«pÃ¡i) boarding pass		due@2021-10-24 05:18:35
ç™¾	(bÇi) hundred		
çš„	(de) a possessive particle		due@2021-10-24 05:18:31
çš„ç¡®	dÃ­quÃ¨ - indeed; really; truly		due@2021-10-24 05:18:44
ç›	salt (yÃ¡n)		due@2021-10-24 05:17:05
ç›’é¥­	box lunch (hÃ©fÃ n)		
ç›–	gÃ i - to build; to construct		
ç›˜	(pÃ¡n) plate; dish		
ç›´é£	(zhÃ­ fÄ“i) fly directly		due@2021-10-24 05:18:40
ç›¸ä¿¡	xiÄng xÃ¬n - to believe, trust		due@2021-10-24 05:18:26
ç›¸å¤„	to get along (xiÄngchÇ”)		due@2021-10-24 05:18:21
çœ	shÄ›ng - province		
çœä¸‹æ¥	shÄ›ng xia lai - to save (money, time)		due@2021-10-24 05:18:04
çœä¼š	shÄ›nghuÃ¬ - provincial capital		due@2021-10-24 05:18:48
çœåƒä¿­ç”¨	to be frugal with food and other living expenses (shÄ›ng chÄ« jiÇn yÃ²ng)		
çœé’±	(shÄ›ng qiÃ¡n) to save money, to be economical		
çœé’±	ï¼ˆshÄ›ng qiÃ¡nï¼‰to save money; to economize		
çœ‹	(kÃ n) to read, to see, to watch, to look at		due@2021-10-24 05:17:20
çœ‹æ³•	point of view (kÃ nfÇ)		due@2021-10-24 05:17:42
çœ‹ç—…	(kÃ nbÃ¬ng) to see a doctor [vo.]		due@2021-10-24 05:18:21
çœŸ	(zhÄ“n) really		due@2021-10-24 05:18:29
çœŸå¿ƒ	zhÄ“nxÄ«n - sincere; wholehearted		
çœŸçš„	zhÄ“n de - really; truly		
çœ¼ç›	eye (yÇnjing)		due@2021-10-24 05:18:31
ç€æ€¥	zhÃ¡o jÃ­ - anxious, to worry		
ç¡çœ 	ShuÃ¬miÃ¡n - sleep		due@2021-10-24 05:18:59
ç¡è§‰	(shuÃ¬ jiÃ o) to sleep		
çŸ›ç›¾	mÃ¡odÃ¹n - contradiction; contradictory		due@2021-10-24 05:19:08
çŸ¥è¯†	zhÄ« shi - knowledge		
çŸ¥é“	(zhÄ« dÃ o) to know		due@2021-10-24 05:16:52
çŸ¥éŸ³	zhÄ«yÄ«n - someone who truly understands; soulmate		due@2021-10-24 05:16:50
çŸ­	(duÇn) short		due@2021-10-24 05:18:54
çŸ­	duÇn - short		due@2021-10-24 05:17:58
çŸ³å¤´	shÃ­ tou - stone, rock, pebble		due@2021-10-24 05:18:35
çŸ³æ²¹	ShÃ­yÃ³u - petroleum; oil		due@2021-10-24 05:17:25
ç 	kÇn - to chop		due@2021-10-24 05:18:30
ç ”ç©¶	yÃ¡n jiÅ« - research, study		
ç ”ç©¶ç”Ÿ	ï¼ˆyÃ¡n jiÅ« shÄ“ngï¼‰graduate student		due@2021-10-24 05:18:34
ç ”ç©¶ç”Ÿ	(yÃ¡njiÅ«shÄ“ng) graduate student		due@2021-10-24 05:17:28
ç¡•å£«	shuÃ² shÃ¬ - master's degree		due@2021-10-24 05:18:43
ç¡¬	yÃ¬ng - hard		due@2021-10-24 05:17:52
ç¢—	bowl (wÇn)		due@2021-10-24 05:18:33
ç¢°è§	pÃ¨ng jiÃ n - to bump into; to run into		due@2021-10-24 05:18:18
ç¤¼ç‰©	(lÇwÃ¹) gift; present		due@2021-10-24 05:17:49
ç¤¾äº¤åª’é«”	social media (ShÃ¨jiÄo mÃ©itÇ)		due@2021-10-24 05:17:12
ç¤¾ä¼š	society (shÃ¨huÃ¬)		due@2021-10-24 05:19:02
ç¤¾æœƒ	society (ShÃ¨huÃ¬)		due@2021-10-24 05:16:22
ç¥	(zhÃ¹) to wish (well)		
ç¥¨	(piÃ o) ticket		due@2021-10-24 05:18:02
ç¦	fÃº - blessing; good fortune		due@2021-10-24 05:16:48
ç¦»	(lÃ­) away from		
ç¦»	(lÃ­) away from		due@2021-10-24 05:18:25
ç¦»	(lÃ­) away from		
ç§‹å¤©	autumn (qiÅ« tiÄn)		due@2021-10-24 05:17:25
ç§	(zhÇ’ng) measure word for kinds, sorts, types		due@2021-10-24 05:18:44
ç§‘	(kÄ“) a branch of academic or vocational study		due@2021-10-24 05:18:50
ç§‘å­¦	kÄ“ xuÃ© - science; scientific; rational		due@2021-10-24 05:17:47
ç§Ÿ	to rent (zÅ«)		
ç§»æ°‘	immigrant; to immigrate ï¼ˆyÃ­mÃ­nï¼‰		due@2021-10-24 05:18:14
ç¨	shuÃ¬ - tax		due@2021-10-24 05:16:40
ç©º	KÅng - empty		due@2021-10-24 05:17:17
ç©ºï¼ˆå„¿ï¼‰	(kÃ²ng[r]) free time		due@2021-10-24 05:17:15
ç©ºæ°”	(kÅng qÃ¬) air		due@2021-10-24 05:18:18
ç©ºæ°”	kÅng qÃ¬ - air; atmosphere		due@2021-10-24 05:17:22
ç©ºè°ƒ	kÅng tiÃ¡o - air conditioning		due@2021-10-24 05:16:56
ç©¿	(chuÄn) to wear		due@2021-10-24 05:18:44
çªç„¶	tÅ« rÃ¡n - suddenly, unexpectedly		
çª—æˆ·	window (chuÄnghu)		due@2021-10-24 05:17:25
ç«™	(zhÃ n) station		due@2021-10-24 05:17:17
ç«™	(zhÃ n) station; stop		due@2021-10-24 05:18:53
ç«™	zhÃ n - station, stop, to stand		due@2021-10-24 05:17:51
ç«Ÿï¼ˆç„¶ï¼‰	jÃ¬ng(rÃ¡n) - unexpectedly; contrary to one's expectation		due@2021-10-24 05:18:32
ç«¥å¹´	childhood (tÃ³ngniÃ¡n)		due@2021-10-24 05:18:05
ç¬‘	(xiÃ o) to laugh, smile		
ç¬”	(bÇ) pen		due@2021-10-24 05:18:36
ç¬”	bÇ - m.w. for sums of money		
ç¬¬	(dÃ¬) Prefix for ordinal number		
ç­‰	(dÄ›ng) to wait; to wait for		due@2021-10-24 05:18:56
ç­‰	dÄ›ng - and so forth; etc.		
ç­‰äº	dÄ›ngyÃº - to be equal to		
ç­’	TÇ’ng - thick tube-shaped object; cylinder		
ç­”åº”	dÄying - to agree (to do something); to promise; to answer		due@2021-10-24 05:18:48
ç­·å­	kuÃ izi - chopsticks		due@2021-10-24 05:17:06
ç­¾	qiÄn - to sign; to autograph		due@2021-10-24 05:17:12
ç­¾è¯	visa (qiÄnzhÃ¨ng)		due@2021-10-24 05:18:55
ç®€å•	(jiÇndÄn) simple		
ç®—	suÃ n - to count as; to be considered as		due@2021-10-24 05:18:29
ç®—äº†	(suÃ n le) forget it; never mind		due@2021-10-24 05:18:30
ç®¡	guÇn - to control, manage; to mind, to care about		due@2021-10-24 05:19:00
ç®¡ç†å­¦é™¢	school of management (guÇnlÇ xuÃ©yuÃ n)		due@2021-10-24 05:18:12
ç®±å­	(xiÄngzi) suitcase; box		due@2021-10-24 05:18:55
ç¯®çƒ	basketball (lÃ¡nqiÃº)		due@2021-10-24 05:18:14
ç±³é¥­	(mÇ fÃ n) cooked rice		due@2021-10-24 05:18:48
ç²‰çº¢è‰²	(fÄ›n hÃ³ng sÃ¨) pink		
ç²½å­	zÃ²ngzi - pyramid-shaped dumplings of glutinous rice wrapped in bamboo or reed leaves		due@2021-10-24 05:17:52
ç³–	(tÃ¡ng) sugar		
ç³–é†‹é±¼	(tÃ¡ngcÃ¹yÃº) sweet and sour fish		due@2021-10-24 05:17:05
ç³Ÿç³•	(zÄogÄo) in a terrible mess; how terrible		due@2021-10-24 05:18:48
ç³»	xÃ¬ - department (of a college or university)		due@2021-10-24 05:18:23
ç´ 	(sÃ¹) vegetarian (food)		due@2021-10-24 05:18:19
ç´ é¤	(sÃ¹cÄn) vegetarian meal		due@2021-10-24 05:18:06
ç´§å¼ 	(jÇn zhÄng) nervous, anxious		
ç´«è‰²	(zÇ sÃ¨) purple		
ç´¯	(lÃ¨i) tired		due@2021-10-24 05:19:00
ç¶“æ¿Ÿ	economy (JÄ«ngjÃ¬)		due@2021-10-24 05:19:00
ç¶²ä¸Šæ‰¾è³‡æ–™	To search online (WÇng shÃ ng zhÇo zÄ«liÃ o)		due@2021-10-24 05:16:53
çº¢	(hÃ³ng) red		due@2021-10-24 05:18:07
çº¢åŒ…	hÃ³ngbÄo - red envelope containing money to be given as a gift		
çº¢ç»¿ç¯	traffic light (hÃ³nglÇœdÄ“ng)		due@2021-10-24 05:18:38
çº¦	to make an appointment (yuÄ“)		due@2021-10-24 05:17:56
çºªå¿µå“	JÃ¬niÃ npÇn: Souvenir; keepsake; memento		due@2021-10-24 05:18:40
çº¯æ£‰	chÃºnmiÃ¡n - pure cotton; 100 percent cotton		due@2021-10-24 05:17:13
çº¸	(zhÇ) paper		
çº½çº¦	(NiÇ”yuÄ“) New York		due@2021-10-24 05:17:49
çº¿	(xiÃ n) line		due@2021-10-24 05:16:54
çº¿	(xiÃ n) line (metro)		due@2021-10-24 05:18:45
ç»ƒä¹ 	(liÃ nxÃ­) to practice		due@2021-10-24 05:18:47
ç»ˆäº	zhÅng yÃº - finally		due@2021-10-24 05:17:08
ç»å¸¸	jÄ«ng chÃ¡ng - often, regularly		due@2021-10-24 05:17:27
ç»æµ	(jÄ«ng jÃ¬) economy, economics		
ç»æµ	jÄ«ng jÃ¬ - economy, economics		
ç»éªŒ	jÄ«ng yÃ n - experience; to experience		
ç»“å©š	jiÃ© hÅ«n - to get married		
ç»“æŸ	jiÃ© shÃ¹ - end, to finish		due@2021-10-24 05:18:51
ç»“æœ	jiÃ© guÇ’ - as a result		
ç»™	(gÄ›i) to give		
ç»™	(gÄ›i) to; for		due@2021-10-24 05:18:46
ç»§ç»­	jÃ¬ xÃ¹ - to continue, go on		due@2021-10-24 05:17:24
ç»´åº¦	latitude (wÄ›idÃ¹)		due@2021-10-24 05:17:11
ç»¿è‰²	(lÇœ sÃ¨) green		due@2021-10-24 05:18:09
ç¼ºç‚¹	(quÄ“ diÇn) - weakness, fault, pit fall		
ç½‘ä¸Š	on the Internet (wÇng shang)		due@2021-10-24 05:16:24
ç½‘çƒ	tennis (wÇngqiÃº)		due@2021-10-24 05:18:24
ç½‘ç«™	website (wÇngzhÃ n)		
ç½‘ç»œ	wÇngluÃ² - network, internet		
ç¾	mÄ›i - beautiful, good		due@2021-10-24 05:18:48
ç¾ä¸½	mÄ›i lÃ¬ - beautiful		
ç¾å…ƒ	(mÄ›iyuÃ¡n) American dollar		due@2021-10-24 05:16:25
ç¾å›½	(MÄ›i guÃ³) America		
ç¾å¼	(mÄ›ishÃ¬) American style		due@2021-10-24 05:17:51
ç¾æ»¡	mÄ›imÇn - happy and satisfying		due@2021-10-24 05:16:49
ç¾¡æ…•	(xiÃ n mÃ¹) to admire, envy		
ç¿»è¯‘	fÄn yÃ¬ - translation, to translate		due@2021-10-24 05:17:30
è€å¤–	lÇowÃ i - foreigner		
è€å¤ªå¤ª	elderly lady (lÇo tÃ i tai)		due@2021-10-24 05:18:12
è€å¸ˆ	(lÇo shÄ«) teacher		due@2021-10-24 05:18:39
è€å¹´	old age (lÇo niÃ¡n)		due@2021-10-24 05:19:02
è€æ˜¯	lÇoshÃ¬ - always		due@2021-10-24 05:18:24
è€ç™¾å§“	lÇobÇixÃ¬ng - common folk; ordinary people		due@2021-10-24 05:19:01
è€é—†	boss (LÇobÇn)		
è€ƒè™‘	kÇo lÇœ - to consider, think over		
è€ƒè¯•	(kÇo shÃ¬) to give or take a test; test		due@2021-10-24 05:17:57
è€Œ	(Ã©r) conjunction to connect two clauses		
èŠå¤©ï¼ˆå„¿ï¼‰	(liÃ¡o tiÄn[r]) to chat		
èŒä¸š	zhÃ­ yÃ¨ - occupation, profession		due@2021-10-24 05:17:03
èªæ˜	intelligent, clever, smart (cÅng mingï¼‰		due@2021-10-24 05:18:50
è‚‰	meat (rÃ²u)		due@2021-10-24 05:17:08
è‚šå­	(dÃ¹zi) belly; abdomen		due@2021-10-24 05:18:57
è‚¡å¸‚	stock market (gÇ” shÃ¬)		
è‚¡ç¥¨	gÇ” piÃ o - stock, share		due@2021-10-24 05:18:12
è‚¯å®š	kÄ›n dÃ¬ng - definitely		due@2021-10-24 05:18:46
èƒŒæ™¯	background (bÃ¨i jÇng)		
èƒ–	fat (pÃ ng)		due@2021-10-24 05:18:03
èƒ½	(nÃ©ng) can; be able to		
èƒ½æº	nÃ©ngyuÃ¡n - energy; energy source		
è„‘	(nÇo) brain		due@2021-10-24 05:18:48
è„š	foot (jiÇo)		due@2021-10-24 05:16:23
è„šæ­¥	footstep (jiÇobÃ¹)		due@2021-10-24 05:16:52
è„¸	face (liÇn)		due@2021-10-24 05:17:23
è„¾æ°”	(pÃ­ qi) temper		
è‡ªå·±	(zÃ¬jÇ) oneself		
è‡ªç„¶	(zÃ¬ rÃ¡n) naturally, certainly		due@2021-10-24 05:17:25
è‡ªç„¶	zÃ¬ rÃ¡n - nature, natural, naturally		
è‡ªç”±	(zÃ¬yÃ³u) free, unconstrained		
è‡ªç”±	ï¼ˆzÃ¬yÃ³uï¼‰freedom, free		due@2021-10-24 05:17:57
è‡ªè¡Œè½¦	zÃ¬ xÃ­ng chÄ“ - bicycle		due@2021-10-24 05:18:19
è‡³äº	zhÃ¬yÃº - as for; as to		due@2021-10-24 05:16:41
èˆ…å¦ˆ	jiÃ¹mÄ - wife of mother's brother		due@2021-10-24 05:17:54
èˆ…èˆ…	jiÃ¹jiu - mother's brother		
èˆ’æœ	comfortable (shÅ«fu)		due@2021-10-24 05:18:31
èˆªç­	(hÃ¡ngbÄn) scheduled flight; flight number; plane; scheduled sailing; sailing number; passenger ship		
èˆªç©º	aviation (hÃ¡ngkÅng)		due@2021-10-24 05:18:20
èˆ¹	chuÃ¡n - boat, ship		due@2021-10-24 05:18:46
è‰¯å¥½	liÃ¡nghÇo - good		
èŠ‚	(jiÃ©) measure word for class periods		due@2021-10-24 05:17:57
èŠ‚æ—¥	jiÃ© rÃ¬ - festival, holiday		
èŠ‚çº¦	jiÃ© yuÄ“ - to save, economize, to conserve		due@2021-10-24 05:17:21
èŠ¥å…°	Chinese broccoli (jiÃ¨lÃ¡n)		due@2021-10-24 05:18:33
èŠ±	(huÄ) flower		
èŠ±	(huÄ) to spend (money, time)		due@2021-10-24 05:17:49
è‹±æ–‡	(YÄ«ngwÃ©n) English language		due@2021-10-24 05:18:50
è‹¹æœ	apple (pÃ­ngguÇ’)		due@2021-10-24 05:17:41
èŒ¶	(chÃ¡) tea		due@2021-10-24 05:18:01
èŒ¶é¦†	chÃ¡guÇn - teahouse		due@2021-10-24 05:17:20
è¯	medicine (yÃ o)		due@2021-10-24 05:17:16
è¯åº—	pharmacy (yÃ odiÃ n)		
èœ	(cÃ i) dishes, cuisine		
èœå•	menu (cÃ idÄn)		due@2021-10-24 05:18:06
è èœ	spinach (bÅcÃ i)		due@2021-10-24 05:18:56
è¥å…»	nutrition; nourishment (yÃ­ng yÇng)		due@2021-10-24 05:17:25
è½ä¼	luÃ²wÇ” - to lag behind; to be outdated		due@2021-10-24 05:18:25
è“è‰²	(lÃ¡n sÃ¨) blue		
è–ªæ°´	xÄ«nshuÇ - salary; pay; wages		due@2021-10-24 05:18:26
è—è¡“åšç‰©é¤¨	art museum (YÃ¬shÃ¹ bÃ³wÃ¹guÇn)		due@2021-10-24 05:18:53
è™›å‡ä¿¡æ¯	disinformation (XÅ«jiÇ xÃ¬nxÄ«)		
è™½ç„¶	(suÄ« rÃ¡n) although		
è›‹ç³•	cake (dÃ ngÄo)		due@2021-10-24 05:16:23
èå…¥	rÃ³ngrÃ¹ - to merge into; to meld into		due@2021-10-24 05:17:06
è¡Œ	(xÃ­ng) all right; O.K.		due@2021-10-24 05:17:01
è¡Œæ	luggage (xÃ­ngli)		due@2021-10-24 05:17:29
è¡—	jiÄ“ - street		
è¡£æœ	(yÄ« fu) clothes		
è¡£æŸœ	ï¼ˆyÄ« guÃ¬ï¼‰wardrobe		due@2021-10-24 05:17:13
è¡£é£Ÿä½è¡Œ	yÄ« shÃ­ zhÃ¹ xÃ­ng - food, clothing, shelter, and transportation (basic necessities of life)		due@2021-10-24 05:17:07
è¡¥å……	bÇ”chÅng - to supplement; to replenish		due@2021-10-24 05:18:07
è¡¨å“¥	biÇogÄ“ - older male cousin of a different surname		due@2021-10-24 05:16:50
è¡¨å§	older female cousin (biÇojiÄ›)		due@2021-10-24 05:18:54
è¡¨æ¼”	biÇo yÇn - performance, to perform		due@2021-10-24 05:16:24
è¡¨ç°	biÇo xiÃ n - to show, display, to manifest		
è¡¬è¡«	(chÃ¨n shÄn) shirt		due@2021-10-24 05:17:32
è¢œå­	(wÃ  zi) socks		due@2021-10-24 05:18:08
è¢«	(bÃ¨i) by (structural word)		
è¢«å­	(bÃ¨i zi) comforter; quilt		
è£¤å­	(kÃ¹zi) pants		due@2021-10-24 05:18:14
è¥¿	west (xÄ«)		due@2021-10-24 05:18:54
è¥¿ç“œ	watermelon (xÄ«guÄ)		
è¥¿è£…	(xÄ« zhuÄng) business suit		due@2021-10-24 05:17:11
è¦	(yÃ o) to need; to take		due@2021-10-24 05:19:08
è¦	(yÃ o) to want		
è¦	(yÃ o) will, be going to; to want to		due@2021-10-24 05:16:59
è¦ä¸æ˜¯	yÃ obÃºshÃ¬ - if it were not for; but for		due@2021-10-24 05:19:08
è¦ä¸ç„¶	(yÃ oburÃ¡n) otherwise; or else; or		due@2021-10-24 05:17:14
è¦ä¹ˆã€‚ã€‚ã€‚è¦ä¹ˆã€‚ã€‚ã€‚	if it's not..., it's...; either... or ... (yÃ o me...yÃ o me)		
è¦æ˜¯	(yÃ oshi) if		
è§	(jiÃ n) to see		due@2021-10-24 05:17:44
è§é¢	(jiÃ n miÃ n) to meet up; to meet with		due@2021-10-24 05:18:27
è§„å®š	guÄ« dÃ¬ng - provision; regulations; rules		due@2021-10-24 05:18:53
è§†	(shÃ¬) vision		due@2021-10-24 05:18:33
è§‰å¾—	(juÃ©de) to feel; to think		due@2021-10-24 05:17:21
è§£å†³	jiÄ› juÃ© - to solve, settle a dispute		due@2021-10-24 05:18:59
èª‡å¼µ(eh)	exaggerate (KuÄzhÄng)		due@2021-10-24 05:16:56
è­¦å¯Ÿ	(jÇng chÃ¡) policeman		
è­¦å¯Ÿ	(jÇng chÃ¡) policeman		
è®¡åˆ’	(jÃ¬huÃ ) plan; to plan		due@2021-10-24 05:18:37
è®¡æ—¶	JÃ¬shÃ­ - to count time		
è®¢	(dÃ¬ng) to reserve; to book (a ticket, a hotel room, etc.)		due@2021-10-24 05:17:31
è®¤ä¸º	to think; to consider (rÃ¨nwÃ©i)		due@2021-10-24 05:18:11
è®¤è¯†	(rÃ¨nshi) to be acquainted with; to recognize		
è®¨åŒ	tÇo yÃ n - nasty, to dislike, to loathe, disgusting, disagreeable		
è®¨è®º	to discuss (tÇolÃ¹n)		
è®©	(rÃ ng) to let, allow, make		
è®°ä»‡	jÃ¬chÃ³u - to bear a grudge; to harbor resentment		due@2021-10-24 05:17:42
è®°å¾—	to remember (jÃ¬de)		due@2021-10-24 05:17:04
è®²	jiÇng - to speak; to tell		due@2021-10-24 05:19:07
è®¾è®¡	shÃ¨ jÃ¬ - design		due@2021-10-24 05:18:07
è¯•	(shÃ¬) to try		due@2021-10-24 05:18:21
è¯­æ³•	(yÇ” fÇ) Grammar		
è¯­è¨€å­¦	(yÇ”yÃ¡nxuÃ©) linguistics		due@2021-10-24 05:17:19
è¯´	(shuÅ) to speak, to say		due@2021-10-24 05:16:59
è¯´ä¸å®š	shuÅbudÃ¬ng - perhaps; maybe		
è¯´æœ	shuÅ fÃº - persuade; convince		due@2021-10-24 05:17:48
è¯´è¯	(shuÅ huÃ ) to talk		
è¯·	(qÇng) please		due@2021-10-24 05:17:13
è¯·å®¢	(qÇng kÃ¨) to invite someone (to dinner, coffee, etc.); to play the host		due@2021-10-24 05:17:26
è¯»ä¹¦	dÃº shÅ« - to attend school; to study; to read aloud		
è¯¾	(kÃ¨) class; course; lesson		
è¯¾æ–‡	(KÃ¨wÃ©n) text of a lesson		
è¯¾è¡¨	(kÃ¨biÇo) class schedule		due@2021-10-24 05:16:49
è°	(shÃ©i) who; whom		due@2021-10-24 05:18:11
è°ˆ	tÃ¡n - to talk; to chat; to discuss		
è°¢è°¢	(xiÃ¨xie) thank you		due@2021-10-24 05:18:08
è°·æ­Œ	Google (GÇ”gÄ“)		due@2021-10-24 05:17:45
è±†è…	(dÃ²ufu) tofu; bean curd		due@2021-10-24 05:17:48
è´Ÿæ‹…	fÃ¹ dÄn - burden		due@2021-10-24 05:16:41
è´¨é‡	zhÃ¬ liÃ ng - quality		due@2021-10-24 05:17:20
è´«	pÃ­n - gabby; glib		due@2021-10-24 05:18:23
è´­ç‰©	gÃ²u wÃ¹ - shopping		due@2021-10-24 05:18:42
è´´	tiÄ“ - to paste; to glue		
è´µ	(guÃ¬) honorable		due@2021-10-24 05:17:59
è´·æ¬¾	dÃ ikuÇn - loan; to provide a loan		due@2021-10-24 05:18:23
è´¹	(fÃ¨i) fee; expenses; charge		due@2021-10-24 05:19:01
è´¹	(fÃ¨i) to spend; to take (effort)		due@2021-10-24 05:18:50
èµ„æ–™	zÄ«liÃ o - material		due@2021-10-24 05:18:43
èµ”	to lose (money, etc.); to suffer a loss in deal (pÃ©i)		due@2021-10-24 05:17:44
èµšé’±	zhuÃ n qiÃ¡n - to earn money		due@2021-10-24 05:18:45
èµæˆ	zÃ nchÃ©ng - approve of; favour; agree with; endorse		due@2021-10-24 05:17:44
èµ¢	yÃ­ng - to win		due@2021-10-24 05:17:08
èµ°	(zÇ’u) to go by way of; to walk		due@2021-10-24 05:18:30
èµ°è·¯	to walk (zÇ’u lÃ¹)		
èµ°é“	aisle (zÇ’udÃ o)		due@2021-10-24 05:17:51
èµ¶å¿«	(gÇnkuÃ i) right away; quickly; in a hurry		due@2021-10-24 05:16:56
èµ·åºŠ	(qÇchuÃ¡ng) to get up, to get out of bed		due@2021-10-24 05:17:19
èµ·é£	(qÇ fÄ“i) to take off (in an airplane)		due@2021-10-24 05:18:46
è¶…å¸‚	(chÄo shÃ¬) supermarket		due@2021-10-24 05:17:21
è¶…å¸‚	(chÄoshÃ¬) supermarket		due@2021-10-24 05:16:23
è¶…å¸‚	chÄo shÃ¬ - supermarket		due@2021-10-24 05:19:07
è¶…è¿‡	chÄo guÃ² - to surpass, exceed		due@2021-10-24 05:16:46
è¶…é‡	(chÄozhÃ²ng) to be overweight (of luggage, freight, etc.)		
è¶Šæ¥è¶Š	(yuÃ¨ lÃ¡i yuÃ¨) more and more		due@2021-10-24 05:17:44
è¶³çƒ	(zÃºqiÃº) soccer; football [n.]		
è·Œ	(diÄ“) to fall		
è·‘æ­¥	(pÇobÃ¹) to jog		due@2021-10-24 05:18:10
è·‘æ­¥	(pÇobÃ¹) to jog, run		due@2021-10-24 05:18:29
è·Ÿ	(gÄ“n) with		due@2021-10-24 05:17:49
è·¯	(lÃ¹) bus number...		
è·¯	(lÃ¹) road; path		
è·¯å£	intersection (lÃ¹kÇ’u)		due@2021-10-24 05:17:03
è·¯çº¿	lÃ¹xiÃ n - route; itinerary		
è·³èˆ	(tiÃ o wÇ”) to dance		due@2021-10-24 05:18:32
è¸¢	(tÄ«) to kick, to play (soccer)		due@2021-10-24 05:18:45
èº«ä½“	body; health (shÄ“ntÇ)		due@2021-10-24 05:18:59
èº«æ	shÄ“ncÃ¡i - stature; figure; build		due@2021-10-24 05:17:29
èººä¸‹	(tÇngxiÃ ) to lie down		due@2021-10-24 05:18:02
è½¦	(chÄ“) vehicle; car		due@2021-10-24 05:18:18
è½¦å¢	chÄ“xiÄng - railway carriage		
è½¬æœº	change planes (zhuÇn jÄ«)		due@2021-10-24 05:17:59
è½¯	ruÇn - soft		due@2021-10-24 05:17:26
è½¯ä»¶	software (ruÇnjiÃ n)		due@2021-10-24 05:17:40
è½»æ¾	qÄ«ng sÅng - gentle, relaxed		
è¾†	(liÃ ng) measure word for vehicles		due@2021-10-24 05:18:10
è¾†	ï¼ˆliÃ ngï¼‰measure word for vehicles		due@2021-10-24 05:16:50
è¾“	shÅ« - lose (a game)		due@2021-10-24 05:18:39
è¾›è‹¦	xÄ«n kÇ” - laborious, hard work, to go to trouble		due@2021-10-24 05:18:10
è¾£	(lÃ ) hot, spicy		
è¾£	lÃ  - spicy		due@2021-10-24 05:18:34
è¿‡	(guÃ²) indicates past tense		
è¿‡	(guÃ²) indicates past tense; to pass (a holiday, festival)		due@2021-10-24 05:18:38
è¿‡å‡ å¤©	in a few days (guÃ² jÇ tiÄn)		
è¿‡æ•	(guÃ²mÇn) to be allergic to		due@2021-10-24 05:18:32
è¿‡èŠ‚	(guÃ² jiÃ©) to celebrate a holiday		due@2021-10-24 05:16:46
è¿åŠ¨	(yÃ¹ndÃ²ng) sports		
è¿åŠ¨	(yÃ¹ndÃ²ng) sports, exercise		
è¿åŠ¨æœ	(yÃ¹ndÃ²ngfÃº) sportswear, athletic clothing [n.]		
è¿‘	(jÃ¬n) close, near		due@2021-10-24 05:17:43
è¿‘	(jÃ¬n) close; near		due@2021-10-24 05:18:18
è¿‘	(jÃ¬n) near		due@2021-10-24 05:18:56
è¿˜	(hÃ¡i) also; too; as well		due@2021-10-24 05:18:34
è¿˜	(huÃ¡n) to pay back; to return		
è¿˜æ˜¯	(hÃ¡ishÃ¬) or		
è¿™	(zhÃ¨) this		due@2021-10-24 05:18:31
è¿™ä¹ˆ	(ZhÃ¨me) so; this (late, etc.)		due@2021-10-24 05:17:50
è¿™å„¿	(zhÃ¨r) here		due@2021-10-24 05:16:47
è¿›	(jÃ¬n) to enter		due@2021-10-24 05:18:47
è¿›æ¥	(jÃ¬n lai) to come in		due@2021-10-24 05:18:03
è¿›æ­¥	JÃ¬nbÃ¹ - to make progress		due@2021-10-24 05:17:41
è¿œ	(yuÇn) far		
è¿œ	(yuÇn) far		due@2021-10-24 05:16:57
è¿œ	far (yuÇn)		
è¿	even (liÃ¡n)		due@2021-10-24 05:18:44
è¿Ÿåˆ°	chÃ­ dÃ o - to arrive late		due@2021-10-24 05:18:32
è¿·	mÃ­ - fan; to be infatuated with		due@2021-10-24 05:18:03
é€€ä¼‘	tuÃ¬ xiÅ« - retire		
é€	(sÃ²ng) to give as a gift		due@2021-10-24 05:18:27
é€	(sÃ²ng) to see off or out; to take		due@2021-10-24 05:17:52
é€‚åˆ	(shÃ¬ hÃ©) to fit; to suit		due@2021-10-24 05:18:43
é€‚åˆ	shÃ¬ hÃ© - to fit; to suit		due@2021-10-24 05:18:37
é€‚åº”	(shÃ¬ yÃ¬ng) to adapt, to become accustomed to		due@2021-10-24 05:16:51
é€‚åº”	ï¼ˆshÃ¬ yÃ¬ngï¼‰to adapt		
é€‰	to choose (xuÇn)		due@2021-10-24 05:17:32
é€‰æ‹©	xuÇn zÃ© - choice, to choose		due@2021-10-24 05:18:01
é€æ¸	zhÃº jiÃ n - gradually, little by little		due@2021-10-24 05:18:20
é€—	dÃ²u - to tease; to play with; amusing		
é€šå¸¸	(tÅng chÃ¡ng) usually		due@2021-10-24 05:17:17
é€ æˆ	zÃ o chÃ©ng - to cause; to give rise to		due@2021-10-24 05:18:05
é	( biÃ n) measure word for complete courses of an action or instances of an action		
é“æ­‰	dÃ o qiÃ n - to apologize		due@2021-10-24 05:18:11
é“ç†	reason; sense (dÃ oli)		
é‚£	(nÃ ) in that case		
é‚£	(nÃ ) that		due@2021-10-24 05:19:06
é‚£ä¹ˆ	(indicating degree) so, such (nÃ me)		due@2021-10-24 05:17:48
é‚£å„¿	(nÃ r) there		due@2021-10-24 05:18:11
éƒé—·	yÃ¹mÃ¨n - gloomy; depressed		
éƒ¨	bÃ¹ - part; section		due@2021-10-24 05:18:57
éƒ½	(dÅu) both; all		
é…’	jiÇ” - alcohol; liquor		
é…·	(kÃ¹) cool		due@2021-10-24 05:18:39
é…¸	sour (suÄn)		due@2021-10-24 05:17:11
é…¸è¾£æ±¤	(suÄnlÃ tÄng) hot and sour soup		
é†‹	vinegar (cÃ¹)		
é‡Œè¾¹	( lÇ biÄn ) inside		due@2021-10-24 05:17:55
é‡Œé¢	(lÇ miÃ n) inside		due@2021-10-24 05:19:08
é‡Œé¢	(lÇ miÃ n) inside		due@2021-10-24 05:18:58
é‡	(zhÃ²ng) heavy; serious		
é‡ç”·è½»å¥³	zhÃ²nÉ¡ nÃ¡n qÄ«nÉ¡ nÇš - regard man as superior to woman		
é‡è¦	important (zhÃ²ngyÃ o)		due@2021-10-24 05:18:15
é‡è§†	zhÃ²ng shÃ¬ - to attach importance to; to think much of		due@2021-10-24 05:16:59
é‡‘è	jÄ«nrÃ³ng - finance; banking		
é’Ÿå¤´	hour (zhÅngtÃ³u)		
é’¢ç´	gÄng qÃ­n - piano		
é’±	(qiÃ¡n) money		
é“…ç¬”	(qiÄn bÇ) pencil		due@2021-10-24 05:17:56
é“¶è¡Œ	(yÃ­n hÃ¡ng) bank		due@2021-10-24 05:17:06
é“¶è¡Œ	(yÃ­nhÃ¡ng) bank		
é“¶è¡Œ	bank (yÃ­nhÃ¡ng)		due@2021-10-24 05:16:41
é”™	(cuÃ²) wrong		due@2021-10-24 05:18:34
é”™	(cuÃ²) wrong		due@2021-10-24 05:17:19
é”»ç‚¼	duÃ n liÃ n - to exercise		due@2021-10-24 05:18:28
é•¿	(chÃ¡ng) long		due@2021-10-24 05:16:24
é•¿	long (chÃ¡ng)		
é•¿	long (chÃ¡ng)		due@2021-10-24 05:18:01
é•¿	to grow, to appear (zhÇng)		due@2021-10-24 05:16:53
é•¿åŸ	(chÃ¡ngchÃ©ng) the Great Wall		
é•¿å¤§	to grow up (zhÇng dÃ )		due@2021-10-24 05:16:49
é•¿æ±Ÿ	chÃ¡ng jiÄng - Yangtze river		
é•¿çŸ­	(chÃ¡ng duÇn) length		due@2021-10-24 05:16:43
é—¨	door (mÃ©n)		due@2021-10-24 05:18:59
é—¨	m.w. for academic courses (mÃ©n)		due@2021-10-24 05:17:49
é—¨å£	mÃ©n kÇ’u - doorway / gate, entrance		
é—¨ç¥¨	mÃ©npiÃ o - admission ticket; admission fee		due@2021-10-24 05:18:01
é—®	(wÃ¨n) to ask		
é—®é¢˜	(wÃ¨ntÃ­) question		due@2021-10-24 05:16:52
é—¹	nÃ o ï¼ to suffer fromï¼›to make a noiseï¼›noisy		due@2021-10-24 05:18:19
é—¹åˆ«æ‰­	nÃ o biÃ¨niu - to have a small conflict; to be at odds (with someone)		due@2021-10-24 05:18:32
é˜Ÿ	duÃ¬ - m.w. for teams and lines		due@2021-10-24 05:18:29
é˜Ÿå‘˜	team member (duÃ¬yuÃ¡n)		due@2021-10-24 05:17:30
é™„è¿‘	(fÃ¹ jÃ¬n) nearby, in the vicinity		due@2021-10-24 05:17:10
é™„è¿‘	(fÃ¹ jÃ¬n) nearby, in the vicinity		due@2021-10-24 05:18:33
é™„è¿‘	(fÃ¹jÃ¬n) nearby		due@2021-10-24 05:17:01
é™Œç”Ÿ	mÃ² shÄ“ng - strange, unfamiliar, unkown		due@2021-10-24 05:17:14
é™¤äº†...ä»¥å¤–	(chÃº le ... yÇ wÃ i) in addition to; besides		due@2021-10-24 05:18:31
é™¤å¤•	Chinese New Year's Eve (chÃºxÄ«)		due@2021-10-24 05:17:56
é™ª	pÃ©i - to accompany		due@2021-10-24 05:17:12
éšä¾¿	suÃ­ biÃ n - "whatever", casual, careless, to do as one pleases		due@2021-10-24 05:18:25
éšæ‰‹	without extra effort or motion; conveniently (suÃ­ shÇ’u)		due@2021-10-24 05:17:06
éš¾	(nÃ¡n) difficult		due@2021-10-24 05:16:53
éš¾å—	(nÃ¡n shÃ²u) uncomfortable, hard to bear		
éš¾åƒ	nÃ¡nchÄ« - not tasty		due@2021-10-24 05:18:46
éš¾æ€ª	nÃ¡n guÃ i - no wonder		
éš¾è¿‡	nÃ¡n guÃ² - feel sorry; sad; hard to bear		
éš¾é“	Do you mean to say... (nÃ¡ndÃ o)		
é›†ä¸­	to concentrate; to be concentrated (jÃ­zhÅng)		due@2021-10-24 05:18:30
é›å°¾é…’	cocktail (JÄ«wÄ›ijiÇ”)		due@2021-10-24 05:17:51
é›¶ç”¨é’±	lÃ­ngyÃ²ngqiÃ¡n - allowance; spending money		due@2021-10-24 05:18:10
éœ€è¦	xÅ« yÃ o - need		due@2021-10-24 05:18:21
é...ä¸å¯	have to; nothing but...would do (fÄ“i...bÃ¹kÄ›)		due@2021-10-24 05:17:11
éå¸¸	(fÄ“ichÃ¡ng) extremely, very		due@2021-10-24 05:18:17
é 	(kÃ o) to lean on; to lean against; to be next to		
é¢	miÃ n - noodles		due@2021-10-24 05:18:44
é¢ç§¯	miÃ n jÄ« - area		
é¢è¯•	(miÃ nshÃ¬) to interview; interview		due@2021-10-24 05:17:44
é‹	(xiÃ©) shoes		due@2021-10-24 05:17:27
é­ç‚®	biÄn pÃ o - firecrackers		
éŸ³ä¹	(yÄ«nyuÃ¨) music		
éŸ³ä¹ä¼š	(yÄ«n yuÃ¨ huÃ¬) concert		due@2021-10-24 05:17:43
é¡ºåˆ©	shÃ¹n lÃ¬ - smoothly, successfully		
é¡¿	dÃ¹n - measure word for meals		
é¢„æŠ¥	forecast (yÃ¹bÃ o)		
é¢œè‰²	(yÃ¡n sÃ¨) color		due@2021-10-24 05:19:07
é£	fÄ“ng - wind		
é£ä¿—	fÄ“ng sÃº - custom		due@2021-10-24 05:18:56
é£æ™¯	fÄ“ng jÇng - scenery, landscape		due@2021-10-24 05:18:20
é£é™©	fÄ“ng xiÇn - risk, hazard		due@2021-10-24 05:19:00
é£	(fÄ“i) to fly		due@2021-10-24 05:19:05
é£æœº	(fÄ“i jÄ«) airplane		
é£æœºåœº	(fÄ“i jÄ« chÇng) airport		due@2021-10-24 05:18:36
é¤	cÄn - meal		
é¤å…·	cÄnjÃ¹ - eating utensils; tableware		due@2021-10-24 05:17:55
é¤å…	(cÄn tÄ«ng) cafeteria		
é¤å·¾	napkin (cÄnjÄ«n)		due@2021-10-24 05:16:57
é¤é¦†å„¿	cÄnguÄƒnr - restaurant		due@2021-10-24 05:17:57
é¥­	(fÃ n) meal, (cooked) rice		due@2021-10-24 05:17:22
é¥­æ¡Œ	dining table (fÃ nzhuÅ)		due@2021-10-24 05:18:37
é¥­é¦†å„¿	restaurant (fÃ nguÇn(r))		due@2021-10-24 05:18:06
é¥®æ–™	(yÇn liÃ o) beverage, drinks		due@2021-10-24 05:18:34
é¥®é£Ÿ	yÇnshÃ­ - food and drinkï¼Œdiet		due@2021-10-24 05:16:43
é¥±	bÇo - to eat till full; satisfied		due@2021-10-24 05:18:57
é¥ºå­	dumplings (jiÇozi)		due@2021-10-24 05:17:41
é¥¿	hungry (Ã¨)		
é¦–éƒ½	(shÇ’u dÅ«) capital city		due@2021-10-24 05:18:26
é¦™	xiÄng - fragrant		due@2021-10-24 05:18:42
é¦™æ¸¯	Hong Kong (XiÄnggÇng)		due@2021-10-24 05:17:15
é©¬ä¸Š	(mÇ shÃ ng) immediately, at once		due@2021-10-24 05:17:18
é©¬è™	mÇhu - careless; perfunctory; mediocre		
é©¬è·¯	mÇ lÃ¹ - street / road		due@2021-10-24 05:18:10
éª„å‚²	jiÄo Ã o - proud, arrogant, full of oneself, pride		
éª‘	qÃ­ - to ride		
éª‘è‡ªè¡Œè½¦	(qÃ­ zÃ¬xÃ­ngchÄ“) to ride a bicycle		due@2021-10-24 05:17:11
é«˜ä¸­	gÄozhÅng - senior high school		due@2021-10-24 05:17:32
é«˜å…´	(gÄoxÃ¬ng) happy, pleased		
é«˜åŸ	gÄoyuÃ¡n - plateau		due@2021-10-24 05:18:56
é«˜é€Ÿå…¬è·¯	(gÄosÃ¹ gÅnglÃ¹) highway		due@2021-10-24 05:18:00
é±¼	fish (yÃº)		due@2021-10-24 05:18:02
é¸¡	chicken (jÄ«)		
éº»å°†	mahjong (mÃ¡ jiÃ ng)		due@2021-10-24 05:18:56
éº»çƒ¦	(mÃ¡ fan) troublesome		due@2021-10-24 05:17:58
é»„	(huÃ¡ng) yellow		
é»„æ²³	HuÃ¡ng HÃ© - Yellow River		due@2021-10-24 05:17:23
é»„ç“œ	cucumber (huÃ¡ng guÄ)		
é»‘	(hÄ“i) black		due@2021-10-24 05:17:15
é»˜å†™	(MÃ²xiÄ›) quiz		
é¼»å­	nose (bÃ­ zi)		
