die Milch	milk	deck#3	due@2022-12-14 21:38:41
egal	does not matter		due@2022-05-23 21:01:52
Kopfschmerzen (pl)	headache		due@2022-05-18 19:33:51
Galerie (f)	gallery	deck#2	due@2022-05-18 18:13:40
einfach	single	deck#2	due@2022-05-18 18:13:44
Realschule (f)	equivalent to secondary school		
dran	turn	deck#2	due@2022-12-08 21:42:27
Mahlzeit (f)	meal	deck#4	due@2022-08-13 17:16:11
Krankenpfleger (m)	(male) nurse		due@2022-12-08 21:19:15
E-mail (f or n)	email		
Salat (m)	lettuce, salad	deck#2	due@2022-12-09 21:28:39
warum	why		
Sport (m)	sport	deck#2	due@2022-05-24 21:43:54
voraus	ahead		
irgendwo	somewhere		due@2022-12-11 01:24:56
Meter (m)	metre		
inidividuell	distinct		due@2022-07-15 05:08:20
Zeitraum (m)	period (of time)		due@2022-05-23 18:22:45
König (m)	king	deck#2	due@2022-05-24 21:01:42
Oma (f)	grandma		
Ostern (n)	Easter		
Gebäck (n)	biscuits, pastries		due@2022-06-02 16:24:40
nebelig	foggy	deck#2	due@2022-07-15 17:16:36
Tomate	tomato	deck#2	due@2022-10-03 16:12:13
Tennisplatz (m)	tennis court		
Weihnachtsbaum (m)	Christmas tree		
die Tasche	bag		
Zeremonie (f)	ceremony	deck#2	due@2022-12-08 21:40:55
rot	red	deck#3	due@2022-12-15 21:18:51
erwachsen	adult	deck#2	due@2022-12-08 21:40:57
Schaufenster (n)	shop window		due@2022-05-31 17:46:23
Haltestelle (f)	stop		due@2022-10-01 23:53:55
danke	thanks	deck#2	due@2022-12-09 20:19:10
Geige (f)	violin		
schneiden	to cut		
Verlobung (f)	engagement		due@2022-05-19 19:04:56
Lieblingsfach (n)	favourite subject		due@2022-05-31 20:42:08
Marmelade (f)	jam	deck#3	due@2022-12-17 18:56:02
Meeresfrüchte (pl)	seafood	deck#2	due@2022-11-24 22:50:32
Urlaub	vacation		
Italienisch	Italian		
Speichern	to save		
sechzig	sixty	deck#2	due@2022-12-08 21:43:33
Kofferraum (m)	boot (of car)		due@2022-12-08 21:19:09
Warenhaus (n)	department store		due@2022-05-19 21:50:39
geräuchert	smoked		due@2022-12-08 21:18:35
Anrufbeantworter (m)	answerphone, voicemail		due@2022-06-02 16:25:03
Gegner	opponent		
Omelett (n)	omelette		
verheiratet	married	deck#2	due@2022-06-01 17:46:56
Chef/in (m/f)	boss, manager		
leeren	to empty		due@2022-06-16 22:32:18
lieber	prefer, sweet		
Speisesaal (m)	dining room		due@2022-12-07 21:40:37
erfahren	to experience, to learn of		due@2022-06-02 16:25:08
der Tee	tea		
Supermarkt (m)	supermarket	deck#2	due@2022-05-18 18:30:19
wandern	to hike, to go rambling	deck#2	due@2022-10-03 16:30:19
wann	when		
Welt	world, sphere		
Etage (f)	floor, storey		
spazieren gehen	to go for a walk		
verlassen	to leave (a place)		
geboren	born	deck#2	due@2022-12-12 01:25:12
Strumpfhose (f)	tights		
Gürtel (m)	belt		due@2022-05-23 18:15:41
Jeans (pl)	jeans	deck#3	due@2022-10-09 00:24:45
Halbschwester (f)	half-sister		
vielleicht	might	deck#2	due@2022-12-08 21:44:00
müde	tired		
halten	to stop	deck#3	due@2022-12-14 21:42:15
Donner (m)	thunder		due@2022-05-17 16:30:51
hältst	hold		
LKW (m)	lorry, truck		due@2022-07-14 17:15:50
Nachbar/in (m/f)	neighbour	deck#3	due@2022-11-30 22:04:09
Klassenarbeit (f)	class test		due@2022-07-14 17:16:06
Schule (f)	school		
üben	to practise		due@2022-07-15 05:19:46
springen	to jump	deck#2	due@2022-05-19 17:11:57
tapfer	brave		due@2022-05-19 20:27:18
Dieb/in (m/f)	thief		
tanzen	to dance	deck#2	due@2022-07-16 04:53:57
Leder (n)	leather		
Tourist/in (m/f)	tourist	deck#2	due@2022-07-16 04:54:01
Silvester (m)	New Year's Eve		
bis später	see you later	deck#2	due@2022-07-16 05:08:30
Note (f)	mark, grade	deck#2	due@2022-10-10 04:33:18
umher	schwingen swing around		
Fast-Food-Restaurant (n)	fast food restaurant		
die Wasser	water	deck#3	due@2022-12-15 20:26:49
bleiben	to stay	deck#2	due@2022-06-17 21:42:34
Geschirrspüler (m)	dishwasher		due@2022-10-01 23:53:59
anzünden	to light		
Angriff (m)	attack		due@2022-05-18 17:49:23
Camcorder (m)	camcorder		
Jura (pl)	law (as a subject)	deck#3	due@2022-06-09 16:09:55
Kreuzung (f)	crossroads		due@2022-07-15 04:54:15
erschafft	create, make		
Sauerkraut (n)	pickled cabbage	deck#2	due@2022-05-24 21:15:49
willkommen heißen	to welcome		
notwendig	necessary	deck#2	due@2022-12-11 18:57:23
der Finger	finger	deck#2	due@2022-05-19 19:35:21
Joghurt (m)	yoghurt		
wäschen	to wash	deck#2	due@2022-05-24 18:21:50
Stunde (f)	lesson		
wegsteckt	takes away		
ist	is	deck#2	due@2022-05-19 19:28:25
das Eis	ice (cream)	deck#2	due@2022-10-03 16:29:50
Lachs (m)	salmon		due@2022-05-23 18:19:11
Stundenplan (m)	timetable		due@2022-05-17 16:28:44
Gepäck (n)	luggage		
Dürre (f)	drought		due@2022-11-24 00:41:11
der Bach	creek		due@2022-07-15 05:07:45
Flöte (f)	flute	deck#3	due@2022-06-09 16:26:13
Polizist(in) (m/f)	police officer	deck#2	due@2022-11-25 00:29:50
Butterbrot (n)	sandwich		due@2022-05-31 20:56:07
Jugendklub (m)	youth club	deck#2	due@2022-06-17 21:43:41
kehren	to turn, to sweep		due@2022-05-19 21:52:18
Kontrolleur (m)	inspector		due@2022-05-18 19:37:19
die Olympischen Spiele (pl)	Olympic Games	deck#3	due@2022-12-14 21:43:21
jobben	to do casual jobs	deck#2	due@2022-10-03 22:01:18
Goldfisch (m)	goldfish	deck#3	due@2022-10-08 23:54:13
Website (f)	website		
rasieren (sich)	to shave		
viele	many		
Reality-TV (n)	reality television	deck#2	due@2022-05-19 17:41:12
einmal	once (a)		due@2022-05-18 19:34:25
Wörterbuch (n)	dictionary	deck#3	due@2022-06-09 16:46:33
Motor (n)	engine	deck#2	due@2022-06-03 16:26:48
deine, eure	your		
Kotelett (n)	chop, cutlet		
Haar/e (n/pl)	hair		
Friseur/Friseuse (m/f)	hairdresser		due@2022-10-02 00:24:51
Sonnenlicht	sunlight		
fragen	to ask		due@2022-05-23 18:20:51
Wald	forest		
dumm	stupid		
(un)trinkbar	(not) drinkable	deck#3	due@2022-11-30 22:03:41
Fuß (m)	foot		
Birne (f)	pear		due@2022-11-23 22:50:26
Wein (m)	wine	deck#2	due@2022-05-24 18:35:00
der Hund	dog	deck#2	due@2022-06-17 21:44:03
selbstverständlich	of course		due@2022-05-23 18:15:16
Pulli (m)	sweater, pullover	deck#2	due@2022-12-09 21:18:27
frühstücken	to have breakfast	deck#4	due@2022-10-31 21:34:36
das Baby	baby		
Geschäft (n)	shop, business	deck#2	due@2022-12-11 18:57:03
Bleistift (m)	pencil		
Oberstufe (f)	last/final year of school/Sixth For		due@2022-07-15 04:54:23
Weißwein (m)	white wine		
Wettervorhersage (f)	weather forecast	deck#3	due@2022-06-07 17:49:13
Schüssel (f)	bowl		
Wasser (n)	water		
ausruhen (sich), relaxen	to rest, relax	deck#2	due@2022-06-17 22:31:29
Rückfahrkarte (f)	return ticket		
frisch	fresh, cool	deck#3	due@2022-12-01 00:31:02
Licht	light	deck#2	due@2022-05-19 19:35:50
Mappe (f)	briefcase, folder, file		due@2022-05-17 16:28:26
tippen	to type	deck#2	due@2022-12-11 18:56:51
Champignon (m)	mushroom	deck#2	due@2022-12-09 21:18:38
Bratpfanne (f)	frying pan		due@2022-05-23 21:50:08
T-Shirt (n)	T-shirt	deck#2	due@2022-12-08 21:42:32
Telefonzelle (f)	telephone box	deck#2	due@2022-12-09 21:13:32
sondern	but rather	deck#2	due@2022-05-24 21:27:58
Laden (m)	small shop	deck#2	due@2022-10-03 22:02:05
Lebensmittel (pl)	food, groceries		due@2022-06-16 21:44:06
Gymnasium (n)	grammar school	deck#4	due@2023-01-09 18:57:29
verbessern	to improve, to correct		due@2022-12-10 18:57:17
Landstraße (f)	main arterial road	deck#3	due@2022-06-23 22:31:48
Bildschirm (m)	screen, monitor		due@2022-11-23 22:05:34
Eichel	acorn		
schuf	created, established		due@2022-05-23 21:43:22
Bruder (m)	brother	deck#2	due@2022-06-17 21:41:37
Schloss (n)	castle	deck#3	due@2022-06-09 16:41:38
anziehen (sich)	to get dressed		due@2022-11-24 00:29:36
das Fleisch	meat	deck#2	due@2022-05-18 18:30:05
Lesen (n)	reading		
Auskunft (f)	information		
das Getränk	the drink		
Journalist/in (m/f)	journalist	deck#2	due@2022-06-03 16:51:17
Fähre (f)	ferry		due@2022-05-18 19:30:37
bevor	before		
herumzappen	to channel hop	deck#2	due@2022-05-18 18:32:32
volltanken	to fill up (with fuel)	deck#2	due@2022-11-25 00:30:03
aus	from, of, out of	deck#2	due@2022-06-03 16:22:23
treiben	to drive		due@2022-12-08 21:13:00
Roman (m)	novel		
Mutti (f)	mum	deck#2	due@2022-06-03 16:49:30
Kerze (f)	candle		due@2022-05-31 17:49:21
Aussprache (f)	pronunciation		due@2022-12-08 20:26:55
Kälte (f)	cold	deck#2	due@2022-05-20 21:19:17
ökologisch	ecological		
Sakko (n or m)	jacket	deck#3	due@2022-06-09 16:26:19
SMS (f)	text message		
ruhig	quiet, peaceful	deck#2	due@2022-05-24 18:21:55
ja	yes		
tief	deep		
erbrechen	to vomit		due@2022-06-02 16:26:53
Sport treiben	to do/play sport		due@2022-06-02 16:14:20
weil	because		
Gras (n)	grass	deck#3	due@2022-11-30 22:03:27
der Orangensaft	orange juice		
Willkommen (n)	welcome		
West (m)	west	deck#2	due@2022-05-24 21:43:40
geboren sein	to be born		
das Brot	bread	deck#3	due@2022-06-09 16:27:24
Topf (m)	saucepan, pot		
Spezialität des Hauses (f)	speciality of the house		
Geschwindigkeit (f)	speed		due@2022-06-16 21:42:51
Bratwurst (f)	fried sausage	deck#2	due@2022-05-24 18:15:31
Ausverkauf (m)	clearance sale		due@2022-11-23 17:30:00
Stellenanzeige (f)	job advertisement		due@2022-05-23 21:00:28
Hauptschule (f)	secondary school		due@2022-12-08 20:27:24
sechste	sixth		
Espresso (m)	espresso		
entschuldigung	sorry		
Flaschenöffner (m)	bottle opener	deck#2	due@2022-12-11 18:56:33
Treibhauseffekt (m)	greenhouse effect		due@2022-05-23 21:47:46
Gesellschaft (f)	company		due@2022-12-06 21:04:48
(Atom)kraft (f)	(nuclear) energy		
einpacken	to wrap, pack	deck#2	due@2022-05-24 21:26:29
Schlagzeug (n)	drums		due@2022-10-02 16:29:24
Zwiebel (f)	onion		due@2022-06-16 22:32:22
irgendwas	something		
Verlust (m)	loss	deck#2	due@2022-12-12 01:25:45
siezen	to call someone 'Sie', to use the polite form of address		
Entdeckung (f)	discovery		due@2022-06-02 16:13:48
Poster (n)	poster	deck#3	due@2022-12-14 21:42:33
helfen	to help	deck#2	due@2022-10-03 00:23:29
Neujahrstag (m)	new year's day		
gerne	like		
zu Fuß	on foot		
der Käse	cheese	deck#2	due@2022-05-24 21:26:26
küssen	to kiss	deck#2	due@2022-12-07 21:05:02
Sparkasse (f)	savings bank		due@2022-12-11 01:26:08
Leberwurst (f)	liver sausage		
Preis (m)	prize	deck#2	due@2022-10-02 22:24:08
im Bett bleiben	to stay in bed		
Plan (m)	plan	deck#2	due@2022-11-25 00:31:57
fliegen	to fly		
verdienen	to earn		due@2022-12-07 21:44:02
werfen	throw		due@2022-11-24 00:41:18
Himmel	heaven, sky	deck#2	due@2022-05-24 18:14:27
Umkleideraum (m)	changing room		
Kuli (m)	ballpoint pen		
Wolke (f)	cloud	deck#2	due@2022-12-08 21:40:45
Vegetarier/in (m/f)	vegetarian		
Erdgeschoss (n)	ground floor		due@2022-05-23 21:28:41
Bratkartoffeln (pl)	fried potatoes	deck#2	due@2022-06-03 16:23:50
fünfzig	fifty	deck#2	due@2022-07-16 05:18:26
Disko (f)	disco	deck#2	due@2022-05-19 19:33:42
ausfüllen	to complete, to fill in		
Zucker (m)	sugar		
grün	green		
Panne (f)	breakdown, puncture	deck#2	due@2022-12-08 21:38:52
die Schokolade	chocolate	deck#3	due@2022-06-23 21:40:14
sparen	to save		
die Erdbeere	strawberry		
Sitcom (f)	sitcom	deck#2	due@2022-12-07 21:03:48
Kalbfleisch (n)	veal		due@2022-05-23 18:17:39
neu	new	deck#2	due@2022-12-12 01:25:18
die Gruppe	group	deck#3	due@2022-10-08 20:44:47
die Hose	pants	deck#3	due@2022-10-09 16:12:12
Aufenthalt (m)	stay		
Zeitungskiosk (m)	newspaper kiosk/stand	deck#2	due@2022-10-02 21:35:15
Briefträger(in) (m/f)	postman/postwoman		
waschen (sich)	to wash	deck#2	due@2022-12-07 21:03:44
Bart (m)	beard		
Arbeitslosigkeit (f)	unemployment		
Käsebrot (n)	cheese sandwich	deck#2	due@2022-07-16 04:54:37
Schwein (n)	pig	deck#2	due@2022-10-03 00:24:43
Fußgänger (m)	pedestrian	deck#2	due@2022-12-07 21:03:42
Glas (n)	glass		
hier	here	deck#4	due@2023-01-05 21:03:46
Pfeffer (m)	pepper	deck#3	due@2022-10-09 22:01:27
mit Untertiteln	subtitled	deck#3	due@2022-05-30 21:03:20
Wohnzimmer (n)	sitting room, living room	deck#2	due@2022-12-07 21:03:31
herzlichen Glückwunsch (m)	congratulations, good wishes		due@2022-05-31 20:42:32
Getränk (n)	drink		
Körper (m)	body	deck#2	due@2022-11-25 00:27:53
herzlich	warm, sincere		due@2022-05-23 21:01:18
Rüstungen	armor		
Boden (m)	floor		due@2022-05-23 18:16:37
Lehrling (m)	apprentice		
Valentinstag (m)	Valentine's Day	deck#2	due@2022-05-24 21:13:44
achtzehn	eighteen	deck#2	due@2022-11-24 22:04:21
Zoowärter/in (m/f)	zoo keeper		
Muscheln (pl)	mussels		
Spülmaschine (f)	dishwasher	deck#2	due@2022-12-08 21:39:54
Abitur (n)	equivalent to GCE A levels		due@2022-10-02 00:24:49
ob	if, whether	deck#2	due@2022-11-24 17:30:23
drei	three	deck#2	due@2022-12-08 21:39:50
Autobahn (f)	motorway	deck#2	due@2022-06-01 21:04:43
Butter (f)	butter	deck#2	due@2022-05-19 19:30:47
schüchtern	shy		due@2022-12-08 20:19:12
solange	as long as		
wünschen	to wish		
Ankunft (f)	arrival		due@2022-12-07 21:42:13
Hochzeit (f)	wedding	deck#3	due@2022-06-08 19:11:36
ausruhen (sich)	to rest		due@2022-12-08 20:26:22
wir	we	deck#3	due@2022-12-13 21:00:17
wen	whom		
Geschenk (n)	present, gift	deck#2	due@2022-06-01 20:42:34
Erdbeere (f)	strawberry		
Chips (pl)	crisps		
Haarbürste (f)	hairbrush		due@2022-05-23 21:01:08
treffen	to meet up		
tatsächlich	actually		due@2022-05-17 20:27:37
Schulanfang (m)	beginning of term		due@2022-12-08 21:28:42
leer	empty		due@2022-12-08 20:26:26
Cousin/e (m/f)	cousin	deck#2	due@2022-05-19 19:30:53
Maurer/in (m/f)	bricklayer, mason, builder		due@2022-10-02 16:29:31
schön	pretty	deck#2	due@2022-12-07 21:03:38
teuer	expensive	deck#2	due@2022-05-19 17:47:31
amüsieren (sich)	to enjoy oneself		
Handschuh (m)	glove		
Tod (m)	death		
montags, dienstags etc	on Mondays, on Tuesdays etc		
danken	to thank		
Onkel (m)	uncle	deck#3	due@2022-10-09 16:29:26
frühe	early	deck#3	due@2022-12-13 21:00:54
gut	good		
nach unten gehen	to go downstairs		due@2022-10-09 04:32:59
verpflichtet	obliged		due@2022-06-02 16:21:53
faulenzen	to laze about		due@2022-05-23 18:17:47
verpassen	to miss (train, bus)	deck#2	due@2022-05-19 19:35:25
Abfahrt (f)	departure		due@2022-05-18 19:30:39
rennen	to run		
Postkarte (f)	postcard	deck#2	due@2022-05-20 20:26:30
endet	ends	deck#2	due@2022-05-19 19:34:58
Zirkus (m)	circus	deck#3	due@2022-12-14 21:43:30
fit	fit	deck#3	due@2022-12-18 01:25:49
der Salat	salad		
Informatiker/in (m/f)	computer specialist, IT expert		
die Bauer/ der Bäuerin	farmer		
suchen	to look for	deck#2	due@2022-10-02 23:54:01
Mittagspause (f)	lunch break	deck#2	due@2022-12-08 21:43:19
Möbelstück (n)	piece of furniture		due@2022-12-08 21:28:25
Krankheit (f)	illness	deck#2	due@2022-12-09 21:12:48
besetzt	occupied, taken, full		due@2022-11-24 00:31:32
Rindfleisch (n)	beef		
Traube (f)	grape		due@2022-05-23 21:01:00
Fotoapparat (m)	camera	deck#2	due@2022-05-24 21:02:41
Arbeitgeber/in (m/f)	employer		due@2022-05-23 21:46:26
Picknick (n)	picnic		
eindrucksvoll	impressive		due@2022-05-23 21:02:19
Schulhof (m)	playground		
Meerschweinchen (n)	guinea pig		due@2022-07-14 17:16:26
<<<<<<< Updated upstream			
allgemein	general, common		due@2022-11-24 00:29:42
||||||| Stash base			
allgemein	general, common		
=======			
allgemein	general, common		due@2022-12-06 21:04:58
>>>>>>> Stashed changes			
umziehen (sich)	to change (clothes)		due@2022-05-31 20:55:40
verlieren	to lose		due@2022-06-02 16:22:39
segeln	to sail		due@2022-05-18 19:36:59
zu	to, too	deck#3	due@2022-11-30 17:30:03
ernst	serious		due@2022-09-06 17:07:53
allein	alone		
Nachrichten (pl)	news		
Windsurfbrett (n)	windsurfing board		
Bank (f)	bank	deck#2	due@2022-05-18 18:27:04
Mode (f)	fashion		
Familie (f)	family		
erzählen	to tell (a story)		due@2022-05-18 19:37:23
Blutwurst (f)	black pudding		
Student/in (m/f)	student	deck#2	due@2022-05-24 21:13:52
Pause (f)	break, playtime, recreation		
bürsten	to brush		due@2022-06-02 16:19:47
dünn	thin		
acht	eight	deck#2	due@2022-05-24 18:22:49
tschüss	bye		
Pommes (Frites) (pl)	chips, fries	deck#2	due@2022-12-09 21:18:46
Flugzeug (n)	plane	deck#3	due@2022-12-15 20:26:43
das Schwein	pig		
reisen	to travel		due@2022-06-02 16:22:25
Ausgang (m)	way out, exit		due@2022-06-02 16:51:37
Arbeiternehmer/in (m/f)	employee, worker		
Fußgängerzone (f)	pedestrian precinct		due@2022-05-23 21:14:51
Haus (n)	house	deck#3	due@2022-12-14 21:40:20
Brücke (f)	bridge		
Physik (f)	physics	deck#2	due@2022-05-19 17:49:26
Arzt/Ärztin (m/f)	doctor	deck#3	due@2022-06-09 16:47:37
oft	often		
Medaille (f)	medal	deck#3	due@2022-06-09 16:30:28
herumtragen	carry around		due@2022-12-08 20:18:38
erlischt	expires		
füllen	to fill	deck#4	due@2022-12-23 22:03:14
Tier (n)	animal		
Klima (n)	climate		
Terrasse (f)	patio, terrace		due@2022-05-23 21:12:31
Teil (m)	part		
Abendessen (n)	evening meal, supper	deck#3	due@2022-12-15 20:26:30
erneut	anew	deck#2	due@2022-12-08 21:43:56
pink	pink	deck#2	due@2022-12-08 21:43:31
Labor (n)	laboratory		
das Bett frisch beziehen	to change the bed		
Besucher/in (m/f)	visitor	deck#3	due@2022-12-15 20:18:42
kleines	smaller		
Geschmack (m)	flavour		due@2022-05-19 21:19:11
Verabredung (f)	appointment		due@2022-05-31 20:41:55
die Pizza	pizza	deck#3	due@2022-07-21 17:17:54
per Anhalter fahren	to hitchhike		
Armbanduhr (f)	wristwatch		
Staatsangehörigkeit	nationality, citizenship		
weiße	white	deck#3	due@2022-07-22 04:54:53
Gott/Göttin (m/f)	G(g)od, goddess		
schwimmen gehen	to go swimming	deck#2	due@2022-12-12 01:18:13
Dorf (n)	village	deck#4	due@2023-01-07 21:13:09
das Kind	child		
Kleingeld (n)	(small or loose) change		
Weihnachtsmann (m)	Father Christmas		
Gas (n)	gas	deck#2	due@2022-05-24 18:34:37
bewerben für (sich)	to apply for		due@2022-05-31 20:41:59
Adresse (f)	address		
retten	to save		due@2022-10-02 16:29:41
zu Hause	at home	deck#2	due@2022-07-15 17:16:08
die Mathematik	math		
Spaß (machen)	to be fun	deck#2	due@2022-10-10 04:33:02
Anhänger (m)	pendant (jewellery)		due@2022-05-31 20:42:39
selber	myself	deck#3	due@2022-12-14 21:46:55
richtig	right, correct	deck#3	due@2022-12-14 21:42:29
ins Bett gehen	to go to bed		
Politik (f)	politics, policy		
schmecken	to taste	deck#2	due@2022-11-25 00:31:38
Feuerwerk (n)	fireworks	deck#2	due@2022-12-08 21:37:00
sogleich	immediately		due@2022-12-08 21:18:41
erholen (sich)	to recover		
verspätet	delayed		
Einkäufe machen	to do one's shopping		
zu Ende gehen	to come to an end	deck#2	due@2022-11-25 00:30:27
billig	cheap		
erkältet sein	to have a cold	deck#2	due@2022-05-24 21:17:46
Mikrowellenherd (m)	microwave oven		
Konditorei (f)	cake shop		due@2022-12-08 21:28:21
darüber	above/over that		
Weihnachten (n)	Christmas		
praktisch	practical		
Zoo (m)	zoo	deck#2	due@2022-10-02 21:39:17
umarmen	to hug, embrace		
Kopf (m)	head	deck#2	due@2022-05-19 17:41:16
Reise (f)	journey		
Abschlussprüfung (f)	final exam		due@2022-07-15 05:19:23
Durst haben	to be thirsty	deck#4	due@2022-08-14 04:54:55
Hals (m)	throat		
Lagerfeuer (n)	bonfire		
Der Aufzug	lift		due@2022-07-14 17:15:53
mir ist kalt	I am cold	deck#2	due@2022-05-20 21:15:37
Miete (f)	rent		due@2022-12-08 20:25:42
Schweinebraten (m)	joint of pork, roast pork		
preiswert	good value, inexpensive, cheap		due@2022-10-02 22:01:41
das Bett machen	to make the bed		
auf	on, to, in, up	deck#3	due@2022-12-14 21:46:48
Pullover (m)	sweater, pullover		
Brot (n)	bread	deck#2	due@2022-05-24 18:15:48
malen	to paint	deck#2	due@2022-05-24 21:24:53
immer	always	deck#2	due@2022-11-24 22:05:41
darauf	thereon		
Demonstration (f)	demonstration	deck#2	due@2022-05-24 18:21:10
Plastik(tüte) (f)	(plastic) bag		due@2022-11-24 00:32:06
angeln	to go fishing		due@2022-06-02 16:19:51
Hauptgericht (n)	main course		
Dokumentation (Doku) (f)	documentary		
Aufschnitt (m)	assorted sliced cold meats		due@2022-06-16 21:40:58
Fernseher (m)	television (set)	deck#2	due@2022-12-07 21:00:10
Gepäckaufbewahrung (f)	left-luggage office		due@2022-10-01 21:34:45
gleiche	same		
wechseln	to change		due@2022-10-01 22:24:21
Lippenstift (m)	lipstick		
Kindheit (f)	childhood		due@2022-05-23 21:47:48
direkt	direct	deck#2	due@2022-05-18 20:28:10
vegatarier	vegetarian		
Fahrstuhl (m)	lift		due@2022-05-18 19:30:46
industriell	industrial		
unsichtbar	invisible		due@2022-12-11 01:26:03
soll	target, shall		
vierte	fourth	deck#3	due@2022-12-15 21:28:38
Polizist/in (m/f)	policeman/policewoman		
Weltraum (m)	space		due@2022-11-24 00:31:14
Saft (m)	juice	deck#4	due@2023-01-06 21:43:52
Ohrringe (pl)	earrings	deck#2	due@2022-10-03 16:12:29
irgendwie	somehow		
es tut mir leid	I'm sorry		
abbiegen	to turn (off)		
verschmutzt	polluted		due@2022-11-24 00:28:01
regional	regional		
Rotkohl (m)	red cabbage	deck#2	due@2022-07-16 04:55:02
das Sonderangebot	special offer		due@2022-10-01 21:34:33
das Tier	animal	deck#3	due@2022-05-30 21:03:21
abschicken	to send, to post		due@2022-06-16 21:42:32
sitzen bleiben	to stay down a year		due@2022-05-19 19:04:53
Berg (m)	mountain	deck#3	due@2022-12-14 21:41:35
Ente (f), Entenfleisch (n)	duck	deck#2	due@2022-06-03 16:22:20
Portemonnaie (n)	purse, wallet		due@2022-12-06 21:04:44
Regal (n)	shelf, shelving		due@2022-10-01 20:43:57
zeichnen	to draw		
Call-Center (n)	call centre	deck#2	due@2022-07-16 05:07:58
Spülbecken (n)	kitchen sink		
überhaupt, gar	at all, anything		due@2022-10-02 16:29:53
Fahrkarte (f)	ticket	deck#3	due@2022-12-14 21:47:03
Taschengeld (n)	pocket money	deck#3	due@2022-06-09 16:50:23
tot	dead		
Qualifikation (f)	qualification	deck#2	due@2022-05-24 21:43:24
Inlineskaten (n)	roller blading		
husten	to cough		
schnell	quick(ly), fast	deck#2	due@2022-12-07 21:04:56
Mofa (n)	moped		due@2022-10-02 16:29:39
Maschine (f)	plane		due@2022-05-23 21:43:44
wirklich?	really?	deck#2	due@2022-10-02 20:44:05
Sprudel (m)	sparkling mineral water		due@2022-07-14 17:16:28
Marktplatz (m)	market square		
begrüßen	to welcome, greet		due@2022-06-02 16:13:56
gestorben	dead		
stellen	to ask (a question)		
die Kartoffel	potato	deck#3	due@2022-10-08 23:53:47
Cursor (m)	cursor	deck#2	due@2022-05-18 16:30:58
Vorstadt (f)	suburb(s)		
uns	us	deck#2	due@2022-05-20 21:50:36
Knie (n)	knee		
Junge (m)	boy	deck#5	due@2023-03-07 21:39:49
das Fenster	window		
Zumindest	at least	deck#2	due@2022-12-12 01:18:08
schwierig	difficult, hard		due@2022-05-23 18:34:44
weder	neither		
die Welle	wave		due@2022-06-02 16:16:54
Fabrik (f)	factory	deck#2	due@2022-05-24 21:43:50
Katze (f)	cat	deck#2	due@2022-07-15 17:18:06
öffnen	to open	deck#5	due@2023-03-08 20:26:12
Fisch (m)	fish		
Beamte/Beamtin (m/f)	civil servant, official		due@2022-05-17 20:28:12
Kellner/in (m/f)	waiter/waitress	deck#3	due@2022-06-07 20:55:53
harte Drogen	hard drugs		
klein	small, short (person)		
woher	where from	deck#2	due@2022-10-02 20:44:09
Forscher/in (m/f)	researcher		due@2022-05-23 21:46:12
Buch (n)	book	deck#3	due@2022-10-08 21:34:27
schwindlig	dizzy		due@2022-12-08 20:27:21
rund	round	deck#2	due@2022-10-03 16:30:11
Treppe (f)	stairs	deck#4	due@2022-10-31 22:24:06
Wind (m)	wind		
die Kuh	cow	deck#3	due@2022-06-07 20:42:22
Schläger (m)	racket		
weg	away		
das Mädchen	girl		
im Ausland	abroad		
Bettlaken (n)	sheet		due@2022-05-19 20:27:16
Licht (n)	light		
Schlafsack (m)	sleeping bag		
beschreiben	to describe	deck#2	due@2022-05-18 20:27:51
Süßwarengeschäft (n)	sweet shop	deck#2	due@2022-06-17 21:41:18
Ferien (pl)	holidays	deck#2	due@2022-12-11 18:57:34
das Geschwister	sibling	deck#2	due@2022-10-02 21:39:57
windsurfen	to windsurf	deck#2	due@2022-06-03 16:22:36
Formular (n)	form		
wohnen	to live	deck#2	due@2022-12-12 01:36:39
mieten	to rent, to hire		due@2022-05-23 18:14:24
tiefen	depths	deck#2	due@2022-05-24 21:03:55
Shampoo (n)	shampoo		
Führerschein (m)	driving licence		due@2022-05-23 18:15:27
stark	strong		
gebrauchen	to use, to need	deck#2	due@2022-06-17 21:43:28
Mikrowelle (f)	microwave	deck#3	due@2022-11-30 22:04:14
krank fühlen (sich)	to feel ill, sick	deck#2	due@2022-05-24 21:46:21
perfekt	perfect	deck#2	due@2022-06-03 16:26:49
Sommerferien (pl)	summer holidays	deck#3	due@2022-12-15 21:18:54
frohe/fröhliche Weihnachten	Merry Christmas		
Flughafen (m)	airport	deck#2	due@2022-05-18 18:30:08
sehen	to see		
Gegend (f)	area		due@2022-10-01 21:35:02
einfügen	to paste (text)		
klingeln	to ring		due@2022-12-06 21:03:26
Kohle (f)	coal		
Krawatte (f)	tie		
Milch (f)	milk		
Vorstellung (f)	show, performance		
leise	quiet		
Glatze (f)	bald head		due@2022-12-07 20:04:55
Silvester feiern	to celebrate New Year		due@2022-12-10 18:56:19
Dosenöffner (m)	tin opener		
der Wind	wind		
Frühstückscerealien (pl)	breakfast cereals	deck#3	due@2022-06-09 16:22:27
Schiff (n)	ship		
verkaufen	to sell		
scharf	sharp	deck#2	due@2022-05-24 21:01:37
ich	I	deck#2	due@2022-05-19 19:34:32
windig	windy		
Aussicht (f)	view		
Eisenbahn (f)	train, railway	deck#2	due@2022-10-03 00:24:40
Schultag (m)	school day	deck#2	due@2022-05-24 21:27:51
Wiesen	grasslands		
rechts	(on the) right	deck#2	due@2022-06-01 20:44:26
knapp	scarce		due@2022-12-08 21:13:06
Kreditkarte (f)	credit card	deck#3	due@2022-06-23 22:31:50
Kaninchen (n)	rabbit		
bekannt	known, familiar		due@2022-12-07 21:42:54
finden	to find	deck#2	due@2022-05-19 19:37:17
Deutsche Post (f)	German postal service	deck#2	due@2022-06-03 16:22:21
Braut (f)	bride		due@2022-12-06 21:04:18
Lineal (n)	ruler		due@2022-05-19 20:29:56
Holz (m)	wood, timber		due@2022-12-11 02:00:19
das Dutzend	dozen		
aber	but		
Ausflug (m)	outing, excursion		due@2022-07-14 17:19:07
dritte	third		
siebzig	seventy	deck#2	due@2022-06-17 21:43:59
Welt (f)	world		
Hund (m)	dog	deck#3	due@2022-12-15 20:26:14
die Katze	cat	deck#3	due@2022-06-09 16:49:29
Schach (n)	chess	deck#2	due@2022-06-03 16:26:55
Einkäufe (pl)	purchases		
Glückwunschkarte (f)	greetings card	deck#2	due@2022-06-01 20:42:55
unabhängig	independent		due@2022-12-06 21:00:15
davon	of that		
(Sport)bericht (m)	(sports) report		due@2022-12-07 21:37:45
Nachrichtensprecher/in (m/f)	newsreader		due@2022-11-24 00:27:26
die Ente	duck	deck#2	due@2022-05-18 20:27:32
gern geschehen	you're welcome	deck#3	due@2022-12-15 21:19:07
schicken	to send		due@2022-05-23 18:15:34
Schnitzel (n)	escalope	deck#2	due@2022-11-25 00:30:01
ankommen	to arrive		
Löffel (m)	spoon		
das Publikum	audience	deck#3	due@2022-12-13 21:05:04
duschen (sich)	to shower	deck#3	due@2022-11-30 17:30:18
Spiegelei (n)	fried egg		
kontrollieren	to check		due@2022-11-24 00:28:06
ganze	whole		
Rakete (f)	rocket		
welche	which	deck#4	due@2022-10-31 23:53:50
Tastatur (f)	keyboard		due@2022-10-09 04:33:06
Beine	legs		due@2022-12-07 21:40:48
Rasen (m)	lawn		
wolkig	cloudy		due@2022-12-06 21:03:22
der Mietwagen	rental car		due@2022-05-31 20:44:09
Erste Hilfe leisten	to give first aid		due@2022-05-18 19:30:16
Wüste	desert		due@2022-10-01 21:34:26
Würstchen (n)	little sausage, frankfurter sausage, hot dog		due@2022-06-16 21:41:25
nicht	not	deck#2	due@2022-12-09 20:26:48
Rock (m)	skirt	deck#2	due@2022-06-01 20:41:45
dass	that		
Kirche (f)	church		
Moschee (f)	mosque		due@2022-05-19 19:02:31
leichter	lighter		
Fußboden (m)	floor		
Kleid (n)	dress	deck#2	due@2022-10-03 16:30:23
Schwimmbad (n)	swimming pool	deck#3	due@2022-05-30 18:21:40
Kaffee (m)	coffee	deck#2	due@2022-05-24 18:16:53
Tomate (f)	tomato	deck#2	due@2022-11-24 22:04:36
Kohl (m)	cabbage		
dazu	for that		due@2022-06-02 16:24:53
gegen	against, towards	deck#2	due@2022-06-01 20:42:44
besichtigen	to visit, to look at, to look round		
frei	free, vacant, unoccupied	deck#2	due@2022-12-07 21:03:59
Sendung (f)	programme, broadcast		
beschließen	to decide		due@2022-12-07 21:37:51
hassen	to hate	deck#2	due@2022-06-17 22:32:04
Gebieten	areas		
höflich	polite		due@2022-05-23 21:02:17
aufschlagen	to pitch (tent), to open		
die Schwester	sister		
wissen	to know		
Tür (f)	door	deck#3	due@2022-12-13 21:05:00
außerdem	besides, also		due@2022-11-24 00:27:46
Sauerregen (m)	acid rain		due@2022-06-02 16:19:41
Tabak (m)	tobacco		
Fundbüro (n)	lost property office	deck#2	due@2022-10-02 22:18:13
Ausland (n)	foreign countries, abroad		
malerisch	picturesque		due@2022-05-23 18:15:46
Fernsehsendung (f)	television programme		due@2022-05-19 20:29:46
Naturwissenschaften (pl)	sciences, science subjects		
Sauerbraten (m)	marinated beef pot roast		
vorhaben	to intend to		
Stock (m)	floor, storey		
Gartenarbeit (f)	gardening	deck#2	due@2022-06-17 22:31:06
Krankenschwester (f)	(female) nurse	deck#4	due@2022-10-31 21:34:49
machen	to make	deck#2	due@2022-05-24 21:14:57
elf	eleven		
vier	four	deck#3	due@2022-10-08 21:40:36
Regenmantel (m)	raincoat	deck#2	due@2022-11-25 00:30:17
Stelle (f)	job, post, position		due@2022-06-02 16:51:57
Radio (n)	radio	deck#2	due@2022-11-24 22:05:46
wiederholen	to repeat	deck#2	due@2022-06-01 20:41:31
herum	hereabouts		due@2022-12-06 21:04:28
organisch	organic	deck#3	due@2022-12-17 18:57:18
Temperatur (f)	temperature		
Eltern (pl)	parents		
geschwätzig	chatty, talkative		
vorstellen	to introduce		due@2022-12-08 21:13:03
Eichhörnchen	squirrel		
Einkaufszentrum (n)	shopping centre, mall		due@2022-06-02 16:30:11
klettern	to climb		due@2022-12-08 21:18:25
Firma (f)	firm, company	deck#2	due@2022-05-20 21:15:32
Schauspiel (n)	play	deck#2	due@2022-12-09 21:18:58
den	to, that	deck#2	due@2022-05-19 19:36:14
Ananas (f)	pineapple	deck#2	due@2022-05-20 20:26:32
verletzen	to injure, to hurt, to wound		
Sweatshirt (n)	sweatshirt		
beim Arzt bestellt	appointment with the doctor		due@2022-06-16 21:40:51
office	Buro	deck#2	due@2022-11-24 22:49:59
weinen	to cry		due@2022-10-02 16:29:35
ausrüsten	to equip		
Lift (m)	lift	deck#2	due@2022-05-18 18:29:38
besuchen	to visit		
Vorname (m)	first name	deck#2	due@2022-12-07 21:04:52
herrschte	ruled, hold sway, reign, preside	deck#2	due@2022-12-08 21:41:33
Bahn (f)	train, railway	deck#2	due@2022-06-01 21:04:49
Einbahnstraße (f)	one-way street	deck#2	due@2022-12-11 18:57:27
Verwandtschaft (f)	relations, relatives		
bringe	delivers		
irgendwer	someone		
Apfelsine (f)	orange	deck#4	due@2023-01-06 21:39:09
ausmachen	to switch off, to turn off		
geradeaus	straight on		
Gameshow (f)	game show	deck#2	due@2022-10-02 20:44:30
atmen	to breathe		due@2022-05-23 18:15:54
lang	long	deck#2	due@2022-05-24 18:34:27
Eintopf (m)	stew		
Mücke (f)	midge, mosquito, gnat		
Ring (m)	ring (jewellery)	deck#4	due@2022-10-31 20:45:00
etwas	some, something		
Vorbereitungen (pl)	preparations		
nachmittags	in the afternoons		due@2022-07-14 17:17:33
Zerschlissene	tattered		
das Müsli	cereal		
besonders	especially		
Mauer (f)	wall (outside, external)		due@2022-12-07 20:04:42
Schlüsselbund (m)	key ring	deck#2	due@2022-11-25 00:31:06
unartig	naughty		due@2022-05-31 20:42:37
Geburtstag (m)	birthday		
Vater (m)	father	deck#4	due@2023-01-06 21:42:25
der Apfel	apple	deck#2	due@2022-11-25 00:30:20
entdecken	to discover		due@2022-10-01 21:40:38
decken	to set /lay (the table), to cover		due@2022-06-02 16:27:18
Brunnen (m)	fountain, well		due@2022-05-31 17:49:25
abwählen	to drop (a subject)		
Puppe (f)	doll		due@2022-05-23 21:43:20
verbringen	to spend (time)		due@2022-06-16 21:43:25
Kartoffel (f)	potato	deck#3	due@2022-07-22 05:07:47
inklusive	inclusive		
langsam	slow(ly)	deck#4	due@2022-07-02 16:19:55
Erwachsene (m/f)	grown-up	deck#3	due@2022-05-30 18:20:24
fertig	ready, finished	deck#2	due@2022-06-03 16:36:16
Wasserski (m)	waterskiing	deck#2	due@2022-05-24 21:15:50
der Bär	bear	deck#3	due@2022-05-30 21:42:10
Drogerie (f)	chemist's (non-dispensing)		due@2022-12-06 21:04:54
Bewerbung (f)	application		
Ausweis (m)	identity card		
Sahne (f)	cream		due@2022-05-23 18:21:44
Apfel (m)	apple	deck#2	due@2022-12-09 20:27:39
teilen	to share		
Halbpension (f)	half-board		due@2022-05-23 18:34:25
Brust (f)	chest		
Spitzer (m)	sharpener		due@2022-05-23 21:48:57
sich sonnen	to sunbathe	deck#2	due@2022-06-17 21:41:05
Prominente(r) (f/m)	celebrity		
Socke (f)	sock		
Magen (m)	stomach		
kohlensäurehaltiges Getränk (n)	fizzy drink		
wecken	to wake (someone)	deck#3	due@2022-12-18 01:25:17
reservieren	to reserve		
Blumenkohl (m)	cauliflower	deck#2	due@2022-05-24 18:22:35
Broschüre (f)	brochure	deck#2	due@2022-11-25 00:29:55
Tafel	blackboard		
wählen	to dial	deck#2	due@2022-10-02 21:40:30
Eisbahn (f)	skating rink		
schlecht	bad	deck#4	due@2022-10-06 17:08:11
jährlich	yearly		due@2022-05-23 18:33:57
scheinen	seems to be		
selbstsicher	self-confident	deck#2	due@2022-11-25 00:28:49
guten Appetit	enjoy your meal	deck#2	due@2022-12-09 20:19:18
Gasthaus (n)	inn	deck#2	due@2022-12-08 21:47:16
Öl (n)	oil	deck#3	due@2022-12-15 20:27:25
reich	rich		
Austausch (m)	exchange		
Zehe (f)	toe		
Mechaniker/in (m/f)	mechanic	deck#3	due@2022-05-30 21:03:53
es	it		
die Beziehung	relationship	deck#3	due@2022-06-23 22:30:52
Tochter (f)	daughter		
hübsch	pretty		due@2022-11-23 22:05:43
Vorfahrt (f)	right of way, priority		
duzen	to call someone 'du', to address with the familiar 'du'		due@2022-06-16 22:31:55
komplett	complete		
Stadt (f)	town	deck#2	due@2022-10-03 00:23:24
language assistant	Fremdsprachenassistent/in (m/f)	deck#2	due@2022-05-24 21:42:52
Gardine (f)	net curtain	deck#3	due@2022-12-18 01:24:46
Guten Appetit!	Enjoy your meal!	deck#3	due@2022-06-09 16:47:33
Ausbildung (f)	apprenticeship		due@2022-11-23 22:04:35
Hahn (m)	tap		due@2022-06-02 16:41:50
Auszubildende(r) (f/m)	trainee		
Magenschmerzen (pl)	stomach ache		due@2022-05-23 21:15:42
Einfamilienhaus (n)	detached house	deck#2	due@2022-06-17 21:40:19
kaputt	broken	deck#3	due@2022-11-30 22:50:46
Imbiss (m)	snack		due@2022-06-02 16:41:14
Strand (m)	beach	deck#2	due@2022-12-08 21:43:25
Untersuchung (f)	examination		due@2022-05-23 21:23:48
kalt	cold	deck#2	due@2022-06-17 22:31:30
Stereoanlage (f)	stereo system		
Busbahnhof (m)	bus station	deck#3	due@2022-12-14 20:04:53
Pfannkuchen (m)	pancake	deck#3	due@2022-12-14 21:41:27
Schinken (m)	ham		due@2022-05-23 21:02:31
Informatik (f)	computer science	deck#2	due@2022-12-09 21:12:43
zusammen	together		
steigen	to go up (temperature)		
Kunst (f)	art		due@2022-05-19 20:27:14
Halsschmerzen (pl)	sore throat		due@2022-12-08 21:12:34
Mineralwasser (n)	mineral water		
Küste	coast, seaside	deck#3	due@2022-12-15 21:12:42
Reiseleiter/in (m/f)	tourist guide		due@2022-12-11 01:26:12
Bauchschmerzen (pl)	tummy ache		due@2022-11-23 22:49:53
Gleis (n)	track, platform		
korrigieren	to correct		due@2022-12-08 20:26:39
warten	to wait	deck#2	due@2022-07-16 05:18:32
Nichte (f)	niece	deck#3	due@2022-12-15 21:18:20
Fortschritt (m)	progress, improvement		due@2022-06-02 17:13:52
unbequeme	uncomfortable		
zuhören	to listen	deck#3	due@2022-06-23 21:40:03
Hobby (n)	hobby, pastime		
sehr	very	deck#2	due@2022-11-24 22:50:47
Apfelwein (m)	cider		
Bundesstraße (f)	'A' road	deck#3	due@2022-06-23 22:31:38
Gabel (f)	fork	deck#2	due@2022-05-20 19:04:59
downloaden, herunterladen	to download		
Schüler/in (m/f)	pupil		
Sprechstunde (f)	surgery		
Streichholz (n)	match		due@2022-05-31 20:42:57
leicht	easy		
Stern (m)	star	deck#2	due@2022-11-24 22:49:56
Wasserpark (m)	water park		
Freibad (n)	open-air swimming pool		
Garten (m)	garden	deck#2	due@2022-11-24 22:05:38
Senf (m)	mustard	deck#2	due@2022-10-02 20:44:00
gute Reise	safe journey		
abfliegen	to depart (by plane)		
Baumfrüchte	tree fruits		
Debitkarte (f)	debit card	deck#2	due@2022-05-24 21:42:08
Epidemie, Seuche (f)	epidemic	deck#2	due@2022-07-15 17:16:22
anfangen	to begin, start	deck#2	due@2022-12-08 21:37:49
Halbbruder (m)	half-brother		
Theaterstück (n)	play		
eins	one	deck#2	due@2022-12-08 21:43:36
Verspätung (f)	delay		due@2022-12-07 21:42:08
Semester (n)	semester	deck#2	due@2022-06-03 16:19:45
Serviette (f)	serviette	deck#2	due@2022-12-12 01:36:34
Person (f)	person	deck#2	due@2022-06-17 21:41:19
Straße (f)	road, street	deck#2	due@2022-12-07 21:00:30
auf dem Lande	in the country		due@2022-06-02 16:36:17
er	he	deck#2	due@2022-07-16 04:54:31
Spiel (n)	game, match	deck#2	due@2022-06-03 16:50:28
der Keller	basement		
ausschimpfen	to tell off		due@2022-05-18 19:37:03
Metzgerei (f)	butcher's shop		due@2022-06-16 21:40:12
Nase (f)	nose		
sauer	sour		
bewerben (sich)	to apply		due@2022-10-01 20:44:16
Verkäufer/in (m/f)	sales, shop assistant		due@2022-05-18 19:35:40
Rettich (m)	radish		due@2022-06-02 16:10:06
da	over there	deck#2	due@2022-06-03 16:19:58
die Jacke	jacket		
Elektriker/in (m/f)	electrician		
Waffen	weapons	deck#2	due@2022-12-09 21:19:17
Schalter (m)	ticket counter, ticket office	deck#2	due@2022-12-07 21:04:42
Einzelkind (n)	only child		
ähnlich	similar		due@2022-12-10 18:55:59
Ball (m)	ball		
Zimmer (n)	room		
schlimm	severe		due@2022-07-15 04:54:26
Fleisch (n)	meat	deck#2	due@2022-07-16 04:54:24
Gehalt (n)	salary		due@2022-12-07 21:43:42
Pflaume (f)	plum	deck#3	due@2022-06-23 22:32:02
aufmachen	to open		
verwöhnt	spoilt		
wenden	to turn		
Rechnung (f)	bill		
Keller (m)	cellar	deck#2	due@2022-12-11 18:56:41
faul	lazy		
Schmuckgeschäft (n)	jewellery shop	deck#2	due@2022-11-24 22:50:41
Feiertag (m)	public holiday	deck#2	due@2022-12-09 20:27:30
in, drinnen	inside		due@2022-05-18 19:33:19
Rosenkohl (m)	sprouts		due@2022-05-23 18:20:32
Salz (n)	salt	deck#2	due@2022-05-24 21:00:02
bunt	colorful		due@2022-12-11 01:36:41
Brötchen (n)	bread roll		due@2022-05-31 17:49:29
Kaffeemaschine (f)	coffee maker	deck#2	due@2022-05-24 18:20:22
Brieffreund/in (m/f)	penfriend	deck#2	due@2022-05-20 20:26:26
Mülleimer (m)	dustbin		
Mittlere Reife (f)	equivalent to GCSEs		
fünfzehn Tage	a fortnight		
Verkehrsampel (f)	traffic light		due@2022-07-15 05:18:21
Plakat (n)	poster		
anrufen	to ring, to phone, to give a call		
Stimme (f)	voice		
Menschenrechte (pl)	human rights		due@2022-06-02 16:22:47
Kopfkissen (n)	pillow	deck#3	due@2022-10-08 21:39:07
Vati (m)	dad		
Bäckerei (f)	baker's shop	deck#2	due@2022-11-25 00:30:12
Pass (m)	passport		
Krabbe (f)	shrimp, prawn	deck#4	due@2022-12-23 17:30:36
Zunge (f)	tongue	deck#2	due@2022-11-25 00:29:48
Nachname (m)	surname		
Einzelfahrkarte (f)	single ticket	deck#2	due@2022-12-09 20:27:05
die Familie	family	deck#2	due@2022-12-08 21:43:10
Ölteppich (m)	oil slick	deck#2	due@2022-05-18 18:26:05
im voraus	in advance	deck#2	due@2022-10-03 16:30:02
Brettspiel (n)	board game		
bayern	Bavaria	deck#3	due@2022-10-09 16:30:21
schlecht bezahlt	poorly paid	deck#2	due@2022-12-09 20:27:18
Heimfahrt (f)	journey home		due@2022-12-08 20:26:59
Handy (n)	mobile phone	deck#2	due@2022-05-24 18:17:30
passt	fits		
Tagesgericht (n)	today's special		due@2022-07-14 17:16:20
Koffer (m)	suitcase		due@2022-10-02 00:25:14
Zigarette (f)	cigarette		
übernachten	to spend the night, stay	deck#2	due@2022-06-01 17:46:39
nehmen	to take	deck#3	due@2022-12-17 18:56:28
Regel (f)	rule, regulation		
Baum (m)	tree	deck#3	due@2022-12-15 21:13:18
die Zeitung	newspaper		
Champion, Meister	champion	deck#2	due@2022-12-12 01:25:20
Rückenschmerzen (pl)	backache		
interessant	interesting	deck#2	due@2022-12-12 01:25:42
dadurch	that is how		due@2022-05-31 17:45:59
Sonnencreme (f)	sun cream	deck#3	due@2022-10-09 00:23:26
Tierart (f)	animal species	deck#2	due@2022-10-10 04:33:19
Regenwald (m)	rainforest		due@2022-05-31 17:46:06
Kathedrale (f)	cathedral		
der Rock	skirt	deck#2	due@2022-06-03 16:13:58
Kuchen (m)	cake		
ausgefranst	frayed		due@2022-12-06 21:03:13
Münze (f)	coin		due@2022-05-18 19:32:17
Klavier (n)	piano		
Vorort (m)	suburb		
bevorzugen	to prefer		due@2022-05-23 21:15:35
Kauffrau (f)	businesswoman	deck#2	due@2022-12-08 21:43:13
Mannschaft (f)	team	deck#2	due@2022-05-24 21:23:28
Süd (m)	south		
ein Paar (n)	a couple, a pair		
Fußball (m)	football		
setzen (sich)	to sit down		due@2022-12-11 01:36:36
Werkzeug	tool		
seltsam	odd, strange, curious		
Rezept (n)	recipe		
blau	blue	deck#2	due@2022-05-19 19:37:06
Katastrophe (f)	catastrophe		
Essen (n)	food		
schließen	to close		
rauchen	to smoke		
Zahn (m)	tooth	deck#2	due@2022-09-07 17:08:07
Warteraum (m)	waiting room		due@2022-05-19 20:26:57
Sand (m)	sand	deck#2	due@2022-10-02 22:18:08
Briefträger/in (m/f)	postman/postwoman		
schmutzig	dirty	deck#2	due@2022-05-24 18:17:27
Papier (n)	paper		
Waffel (f)	waffle		
Buchhandlung (f)	bookshop		due@2022-12-11 01:24:50
Torte (f)	gateau, flan		
ausgebucht	booked up, fully booked		
baden	to swim (in the sea)		due@2022-11-23 22:04:05
schlafen	to sleep	deck#2	due@2022-10-03 16:12:21
Ausfahrt (f)	exit		
von	from, of	deck#2	due@2022-05-24 18:34:48
Baby (n)	baby	deck#2	due@2022-12-09 20:27:34
unhöflich	rude, impolite		due@2022-12-07 21:43:16
Rad (n)	wheel, bike		due@2022-11-24 00:41:14
Sessel (m)	armchair, easy chair		due@2022-05-23 21:46:14
Jugendherberge (f)	youth hostel		
Zeitung (f)	newspaper	deck#3	due@2022-12-17 18:57:14
Bildung (f)	education		
Schublade (f)	drawer		due@2022-05-23 18:15:52
Umwelt (f)	environment		due@2022-12-08 20:25:59
romantisch	romantic		
Stift (m)	pen	deck#2	due@2022-05-24 18:19:03
das Ei	egg	deck#3	due@2022-12-01 00:27:52
Angst haben	to be afraid	deck#2	due@2022-05-20 20:27:45
zeigen	to show		due@2022-10-01 20:43:53
Lied (n)	song		due@2022-12-08 20:19:16
Ohr (n)	ear	deck#3	due@2022-05-30 21:15:47
Wasserski fahren	to waterski	deck#2	due@2022-05-24 18:19:17
Schwester (f)	sister		
Straßenbahn (f)	tram	deck#2	due@2022-10-02 22:24:27
wofür	for what		
Ort (m)	place	deck#2	due@2022-05-18 18:31:24
Übung (f)	exercise		
werden	will	deck#2	due@2022-11-24 22:50:52
salzig	salty	deck#3	due@2022-10-08 21:40:01
manchmal	sometimes		
sportlich	sporty	deck#2	due@2022-05-18 18:29:53
Staatsangehörigkeit (f)	nationality		
verliebt sein	to be in love	deck#3	due@2022-05-25 19:28:28
schwer	heavy, hard (difficult)	deck#2	due@2022-07-15 17:16:02
völlig	entirely		due@2022-05-18 19:37:21
Stadion (n)	stadium		
Trickfilm (m)	cartoon		due@2022-07-14 17:16:30
Kamera (f)	camera	deck#2	due@2022-05-24 21:02:33
Erwärmung (f)	warming	deck#2	due@2022-11-24 22:03:57
Krise (f)	crisis	deck#2	due@2022-06-01 17:45:55
qualifiziert	qualified		
Musiksaal (m)	music room		
voll gar	well cooked, well done		due@2022-12-07 21:40:31
aufwachsen	to grow up	deck#2	due@2022-12-11 18:56:57
Tiergarten (m)	zoo	deck#3	due@2022-12-13 21:04:24
Schlafanzug (m)	pyjamas		due@2022-10-01 22:24:18
Ohrenschmerzen (pl)	earache		due@2022-12-06 21:04:06
Klinik (f)	clinic		
Turm (m)	tower		due@2022-05-23 21:27:36
Jahreszeit (f)	season	deck#2	due@2022-12-08 21:39:46
Grenze (f)	border		due@2022-12-07 21:40:26
mir ist warm	I am warm/hot	deck#3	due@2022-05-30 18:22:51
DVD-Spieler (m)	DVD player		
Gefrierschrank (m)	freezer		
Geschirrspülmaschine (f)	dishwasher		due@2022-11-24 00:41:09
Tischdecke (f)	tablecloth		
Polizeiwache (f)	police station		
untersuchen	to examine		due@2022-06-02 16:24:48
der Kopf	head		
hochladen	to upload		
komisch	funny		due@2022-06-16 22:31:41
Wohnung (f)	flat		due@2022-06-02 16:22:34
Band (n)	ribbon		
war	was	deck#2	due@2022-05-24 21:01:10
arbeitslos	unemployed	deck#2	due@2022-10-03 16:12:25
ehrlich	honest, really		due@2022-05-23 21:00:56
verstopft	constipated		due@2022-05-23 18:33:02
Thunfisch (m)	tuna	deck#2	due@2022-11-25 00:30:14
Postamt (n)	post office		due@2022-06-02 16:41:52
Heft (n)	exercise book		due@2022-11-23 17:29:58
Verkehrsmittel (n)	means of transport		due@2022-12-06 21:03:17
Eurotunnel (m)	Channel Tunnel	deck#2	due@2022-07-16 05:07:49
zweiundachtzig	eighty two		
Zeugnis (n)	report		due@2022-06-16 21:42:28
Beispiel (n)	example		due@2022-12-08 21:18:33
Zukunft (f)	future		due@2022-05-31 17:45:57
Nudeln (pl)	pasta, noodles	deck#2	due@2022-12-09 20:27:38
glücklich	happy, pleased, glad	deck#2	due@2022-05-24 21:00:39
abbrechen	abort		
Laptop (m, n)	laptop	deck#2	due@2022-11-24 17:30:34
Geschäftsmann/frau (m/f)	businessman/woman	deck#2	due@2022-12-08 21:38:29
anschauen	to watch, look at		due@2022-12-08 20:27:37
global	global	deck#2	due@2022-05-18 18:30:03
Schlips (m)	tie		due@2022-05-23 21:43:52
Stadtmitte (f)	town centre		due@2022-05-23 21:28:07
weiche Drogen	soft drugs	deck#4	due@2023-01-06 21:42:50
Freund/in (m/f)	friend	deck#2	due@2022-05-24 18:17:02
Chatroom (m)	chat room		
Platz (m)	square, space	deck#2	due@2022-07-16 04:54:21
Do-it-yourself (n)	DIY	deck#2	due@2022-10-03 22:01:48
Geld (n)	money	deck#2	due@2022-06-17 22:30:54
gesund	healthy	deck#3	due@2022-06-23 21:43:15
achtzig	eighty	deck#2	due@2022-05-24 18:22:03
Geschenke austauschen	to exchange gifts		due@2022-06-02 16:46:39
Zahnarzt/Zahnärztin (m/f)	dentist		due@2022-12-11 01:18:19
Ski laufen	to ski		
vierzig	fourty		
Weißes Haus (n)	White House	deck#3	due@2022-12-01 00:30:07
schwebte	floated, hover, levitate		due@2022-11-24 00:30:05
bewölkt	cloudy	deck#3	due@2022-06-23 21:41:27
Verlobte (m/f)	fiancé(e)		
rührend	moving		
jung	young		
Pension (f)	guest house	deck#2	due@2022-05-18 18:31:44
der Mantel	coat		
Star (m)	star	deck#2	due@2022-05-20 20:28:44
es gibt	there is		
sich	itself	deck#2	due@2022-10-02 21:39:23
Fahrt (f)	journey		
überholen	to overtake		
Lehrerzimmer (n)	staff room		due@2022-11-23 22:04:29
Rotwein (m)	red wine		
Fest (n)	celebration, festivity	deck#3	due@2022-07-22 05:08:27
Sportzentrum (n)	sports centre	deck#2	due@2022-06-03 16:10:08
Auswahl (f)	selection, choice		due@2022-12-07 21:42:22
hoffen	to hope	deck#4	due@2023-01-06 21:47:06
angenehm	pleasant, nice, kind		due@2022-07-14 17:18:54
Geschichte (f)	history		due@2022-05-23 21:28:03
folgen	to follow		due@2022-05-23 21:42:37
lockig	curly		due@2022-11-24 00:29:52
Tablette (f)	tablet	deck#2	due@2022-05-24 21:43:32
pünktlich	on time		
der Senf	mustard		due@2022-05-23 21:16:00
Schlüssel (m)	key	deck#3	due@2022-12-14 21:47:11
Markt (m)	market		
Kindergarten (m)	nursery school		
doch	yet, but		
Kugelschreiber (m)	ballpoint pen		due@2022-12-08 21:13:17
Sohn (m)	son	deck#3	due@2022-12-15 20:26:27
Schokolade (f)	chocolate	deck#2	due@2022-05-18 20:27:54
Neujahr (n)	New Year, New Year's Day		
Suppe (f)	soup	deck#4	due@2023-01-06 21:37:02
ausschneiden	to cut (text)		due@2022-10-01 21:40:10
einzig	only		due@2022-05-23 21:45:09
putzen	to clean (teeth etc)		due@2022-05-23 21:23:53
kosten	to cost	deck#2	due@2022-06-03 16:13:50
Buchhalter/in (m/f)	accountant		due@2022-11-23 22:03:33
Landschaft (f)	landscape, scenery, countryside		due@2022-05-23 21:47:51
Bürger	citizen	deck#2	due@2022-05-24 18:17:37
bezahlen	to pay		
tragen	to wear		
Erbsen (pl)	peas		due@2022-05-17 20:27:26
Sommer (m)	summer	deck#2	due@2022-05-19 19:35:42
sauber machen	to clean	deck#2	due@2022-11-24 22:03:11
studieren	to study	deck#3	due@2022-05-26 20:28:49
mir geht's gut	I'm doing well		
Nobelpreis (m)	Nobel Prize		
hitzefrei	(rest of) day off because of excessively hot weather		due@2022-06-16 21:41:12
Schauspieler/in (m/f)	actor/actress	deck#2	due@2022-12-09 20:25:45
ohne	without		
Schnee (m)	snow	deck#2	due@2022-12-11 18:57:41
töten	to kill		
Direktor/in (m/f)	headmaster/headmistress, principal, head teacher	deck#3	due@2022-12-14 21:38:47
Erdkunde (f)	geography		due@2022-05-23 21:00:16
U-Bahn (f)	underground, tube	deck#2	due@2022-12-08 21:40:15
Geschichte	story, history, tale		
das Bier	beer	deck#3	due@2022-12-01 00:31:35
Sonnenbrand (m)	sunburn	deck#2	due@2022-05-20 19:05:04
noch	still, yet, more	deck#2	due@2022-06-03 16:22:31
Angestellte(r) (f/m)	employee		
Bilderroman (m)	graphic novel	deck#2	due@2022-12-09 20:25:38
Pille (f)	pill	deck#2	due@2022-06-03 16:41:10
gehören	to belong to		
Medikament (n)	medicine	deck#3	due@2022-07-21 17:19:01
Cola (f)	coke		
auspacken	to unpack		
(Wald)brand (m)	(forest) fire		
feiern	to celebrate		due@2022-05-31 17:46:50
selten	rare(ly)		due@2022-06-02 16:26:51
Mund (m)	mouth		
Werbespot (m)	advertisement, advert		due@2022-11-24 00:27:59
Zelt (n)	tent		due@2022-12-07 21:37:41
Steward(ess) (m/f)	flight attendant		
Wecker (m)	alarm clock		due@2022-12-07 21:37:57
dauern	to last		due@2022-11-23 22:50:20
wie viel(e)	how much, how many		
der Gutschein	voucher		due@2022-07-14 17:16:00
falsch	incorrect, false	deck#2	due@2022-05-24 21:03:56
nach oben gehen	to go upstairs		due@2022-05-23 21:24:57
weiterfahren	to continue, drive on		
leiden	to suffer		
Teppichboden (m)	fitted carpet, wall-to-wall carpeting		due@2022-12-08 21:28:32
Opfer (n)	victim		due@2022-12-08 21:18:23
brennen	to burn		
Jahr	year	deck#2	due@2022-07-15 17:16:39
Fahrer/in (m)/(f)	driver	deck#2	due@2022-05-18 16:28:15
>>>>>>> Stashed changes			
jeder	every	deck#2	due@2022-12-09 20:26:34
Busfahrer/in (m/f)	bus driver	deck#2	due@2022-06-03 16:19:08
Waschmaschine (f)	washing machine	deck#3	due@2022-06-07 20:42:20
die Fliege	fly		
Pferd (n)	horse	deck#3	due@2022-06-07 17:41:56
Ansichtskarte (f)	picture postcard		
sammeln	to collect		
Anfang	beginning, start, outset		
die Frage	question	deck#3	due@2022-12-17 18:56:44
Moderator/in (m/f)	presenter		
denn	because, then	deck#2	due@2022-12-12 01:24:39
donnern	to thunder	deck#2	due@2022-12-09 20:25:56
Stich (m)	sting, bite	deck#2	due@2022-12-11 18:56:06
Zitrone (f)	lemon	deck#2	due@2022-05-24 21:15:10
Turnen (n)	PE		due@2022-05-23 21:28:10
Gepäckschließfach (n)	left-luggage locker		due@2022-06-02 16:24:51
Regenschirm (m)	umbrella	deck#3	due@2022-12-18 01:36:28
Handtasche (f)	handbag	deck#3	due@2022-12-15 20:18:29
Ingenieur/in (m/f)	engineer	deck#2	due@2022-06-03 16:46:41
befinden (sich)	to be, to be located, to be situated, to be found		
Gott	God	deck#2	due@2022-10-02 21:39:32
Französisch (n)	French		
Erdbeben (n)	earthquake		
Seife (f)	soap		due@2022-05-23 21:17:49
Stau (m)	traffic jam		
sitzen	to sit, to be sitting		
Müll (m)	rubbish, refuse		due@2022-12-10 18:56:01
besser	better	deck#3	due@2022-10-08 22:24:23
Touristenbüro (n)	tourist office		
Karriere (f)	career		
Gebühr (f)	charge, fee		
Jugendliche (m/f)	young person		
Termin (m)	appointment		
Flasche (f)	bottle	deck#2	due@2022-11-24 17:30:28
Angelrute (f)	fishing rod	deck#2	due@2022-10-02 20:44:20
diese	this	deck#3	due@2022-05-30 18:14:02
Fehler (m)	mistake		due@2022-12-07 21:42:18
Kaffee und Kuchen	coffee and cake (afternoon snack)	deck#2	due@2022-05-24 21:27:56
abwaschen	to wash up		
Hallenbad (n)	indoor swimming pool		
der Fuß	foot	deck#2	due@2022-05-24 21:17:52
Rechner (m)	calculator		due@2022-05-31 17:46:53
Rucksack (m)	backpack		due@2022-07-15 05:07:52
Pastete (f)	paté		due@2022-05-23 21:16:34
mündlich	oral		
Raucher/in (m/f)	smoker		due@2022-05-19 20:29:55
Bier vom Fass	draft beer		due@2022-10-01 21:40:16
Schmetterling	butterfly		
Bahnsteig (m)	platform		due@2022-06-16 22:32:34
sind	are		
Sandburg (f)	sand castle	deck#3	due@2022-12-14 21:37:53
Taschentuch (n)	handkerchief		due@2022-05-23 21:13:09
Abflug (m)	departure (by plane)		
Pute (f)	turkey		due@2022-05-23 18:22:05
Ente (f)	duck	deck#2	due@2022-07-16 04:54:16
spazieren	to walk		
Land (n)	country, countryside, land	deck#3	due@2022-12-15 20:25:58
Auto (n)	car	deck#2	due@2022-12-07 21:03:45
Hut (m)	hat	deck#2	due@2022-06-03 16:10:10
Gemüse (n)	vegetables	deck#2	due@2022-12-11 18:56:21
Vorstellungsgespräch (n)	interview		
Vorliebe	preference		
wo	where	deck#2	due@2022-05-24 21:43:34
fahren	to go, to travel, to drive		
Akrobat/in (m/f)	acrobat		
siebte	seventh	deck#4	due@2022-12-24 00:31:41
Spieler/in (m/f)	player		
Einwohner	inhabitant		
international	international		
danke schön	thanks very much	deck#2	due@2022-05-19 19:35:28
schwimmen	to swim		
Berufspraktikum (n)	work experience		
Stress (m)	stress	deck#2	due@2022-05-19 19:33:40
Benzin (n)	petrol		due@2022-11-23 22:03:21
Käse (m)	cheese	deck#2	due@2022-12-07 21:04:14
surfen	to surf (browse) the internet		
seiden	made of silk		due@2022-06-02 16:19:09
Stadtteil (m)	part of town, district		due@2022-12-08 20:26:19
erlauben	to allow		due@2022-12-08 21:13:30
lesen	to read	deck#3	due@2022-11-30 17:30:39
sonnig	sunny		
übergeben (sich)	to be sick, to vomit		due@2022-05-23 18:21:54
Mädchen (n)	girl		
Karotte (f)	carrot	deck#2	due@2022-06-17 22:31:35
Staub saugen	to vacuum		due@2022-11-24 00:27:21
der Strand	beach		due@2022-05-31 17:46:58
anfängen	begin		
jedenfalls	nonetheless	deck#2	due@2022-12-12 01:36:07
Orange (f)	orange	deck#2	due@2022-10-03 00:24:41
Trommel (f)	drum		
Vorhang (m)	curtain		
Spaß haben	to have fun	deck#2	due@2022-06-01 21:04:47
Dom (m)	cathedral		
lieber (haben)	to prefer	deck#2	due@2022-06-17 21:41:33
Dach (n)	roof		due@2022-06-02 16:49:24
Teppich (m)	carpet		
anstrengend	tiring		
das Klima	climate		
schwarze	black	deck#2	due@2022-12-07 21:00:28
alle	everything		
Briefkasten (m)	letter box		
sympathisch	nice	deck#4	due@2022-11-01 22:01:34
mögen	to like	deck#2	due@2022-07-15 17:17:43
schneien	to snow	deck#2	due@2022-12-11 18:57:38
der Markt	market	deck#3	due@2022-12-14 21:43:08
Reis (m)	rice		
relaxen	to relax	deck#2	due@2022-05-24 21:45:42
Kühlschrank (m)	fridge		due@2022-10-01 20:44:03
Park (m)	park	deck#2	due@2022-11-24 22:04:19
das Fahrzeug	vehicle	deck#2	due@2022-12-12 01:36:11
krank	ill, sick		
willkommen	welcome	deck#2	due@2022-05-20 20:29:19
Bleiben Sie bitte am Apparat	please hold the line, please stay on the line		
einsteigen	to get on		
die Gemeinde	community		due@2022-10-01 22:24:15
sortieren	to sort	deck#3	due@2022-11-30 17:30:15
abnehmen	to lose weight	deck#2	due@2022-12-12 01:25:41
dich, du, euch, dir	you		
Klassenzimmer (n)	classroom	deck#2	due@2022-12-08 21:38:01
Geburt (f)	birth		
Lagerfeuer	campfire		
dreizehn	thirteen		
Hammelfleisch (n)	mutton		
zweiunddreißig	thirty two	deck#2	due@2022-06-03 16:48:03
Bettdecke (f)	blanket, duvet		
heißen	to mean/call	deck#2	due@2022-06-01 17:46:30
die Tochter	daughter	deck#2	due@2022-06-01 20:42:41
der Sohn	son	deck#2	due@2022-10-03 00:24:57
Sehenswürdigkeit (f)	sight, place of interest		due@2022-11-24 00:31:13
die aktuellen Nachrichten (pl)	current affairs, news		
rein	pure		due@2022-05-18 19:30:43
Schreibwarengeschäft (n)	stationery shop		due@2022-06-02 16:46:23
heiraten	to marry		
Wand (f)	wall (internal, inside)		
Nachtklub (m)	nightclub		
Herz (n)	heart	deck#2	due@2022-10-03 00:25:06
ein glückliches neues Jahr	Happy New Year	deck#3	due@2022-12-15 20:26:10
arbeiten	to work	deck#4	due@2022-12-23 22:05:30
Wasserhahn (m)	tap	deck#2	due@2022-05-20 19:02:40
Hähnchen (n)	chicken		due@2022-05-17 16:28:36
Zwilling (m)	twin		due@2022-05-23 21:29:02
Spielzeug (n)	toy	deck#2	due@2022-07-16 05:08:01
Sänger/in (m/f)	singer	deck#4	due@2022-11-01 22:01:22
langweilig	boring		
Campingplatz (m)	camp site	deck#2	due@2022-12-12 01:25:23
Psychologie (f)	psychology	deck#2	due@2022-06-01 17:47:01
positiv	positive		
reparieren	to repair	deck#2	due@2022-10-03 00:25:11
Briefmarke (f)	postage stamp		due@2022-05-23 21:45:07
Spanisch (n)	Spanish	deck#2	due@2022-05-20 20:28:50
Opa (m)	granddad	deck#4	due@2022-11-01 22:02:07
verfügbar	available		
Luftkissenboot (n)	hovercraft		due@2022-05-23 21:51:03
(Bürger)krieg (m)	(civil) war	deck#2	due@2022-05-18 18:27:40
Hilfe (f)	help	deck#4	due@2023-01-06 21:38:45
Tankstelle (f)	petrol station, service station		due@2022-10-01 20:44:27
geheimnisvolle	mysterious		
Hitze (f)	heat	deck#2	due@2022-12-12 01:25:15
Bluse (f)	blouse		
Party, Fete (f)	party	deck#2	due@2022-05-20 19:02:38
am, auf	on, at the	deck#3	due@2022-12-14 21:38:40
möglich	possible	deck#2	due@2022-05-24 21:03:36
Kind (n)	child		
plötzlich	suddenly		due@2022-12-10 18:57:11
abreisen	to depart		
Selbstbedienung (f)	self-service		
Krankenhaus (n)	hospital	deck#2	due@2022-06-03 16:18:00
Ost (m)	east	deck#2	due@2022-10-03 16:29:43
Tornado (m)	tornado		
eingießen	to pour (in)		due@2022-12-07 21:42:00
neunzig	ninety		
Berufsberater/in (m/f)	careers adviser		due@2022-05-23 21:15:55
unterschiedliche	different		
Universität (f)	university	deck#5	due@2023-03-07 21:47:08
Soldat/in (m/f)	soldier	deck#4	due@2022-07-16 21:40:43
Geist	spirit, mind, ghost		
Bräutigam (m)	bridegroom		due@2022-06-16 21:41:46
Aktivität (f)	activity	deck#2	due@2022-05-24 21:42:00
Souvenirladen (m)	souvenir, gift shop	deck#2	due@2022-05-24 18:14:33
zunehmen	to put on weight		due@2022-09-06 17:08:05
Wechsel (m)	change		
Erde (f)	earth, world	deck#2	due@2022-05-24 18:17:22
bitte	please	deck#2	due@2022-12-08 21:42:56
das Rezept	recipe		
Blockflöte (f)	recorder		
abschreiben	to copy		
schriftlich	written, in writing	deck#2	due@2022-12-08 21:47:22
leider	unfortunately	deck#2	due@2022-05-20 21:50:23
damit	(by) that		due@2022-05-23 21:01:54
umsteigen	to change		due@2022-05-31 20:44:31
das Dach	roof		
Nord (m)	north	deck#2	due@2022-05-24 21:47:08
Beamer (m)	data projector	deck#2	due@2022-12-09 21:19:04
Spion/in (m/f)	spy		
aufgehoben	cancelled		due@2022-12-08 20:25:41
liegen	to lie		
Kleidungsstück (n)	garment, article of clothing		
Überschwemmung (f)	flood		
Baumwolle (f)	cotton		
Fläche	surface		due@2022-12-08 20:27:07
detaillierte	detailed		
verletzt	injured		due@2022-12-07 21:42:05
ledig	single, unmarried		
Tasche (f)	bag, pocket		
sechzehn	sixteen		
unterwegs	on the road		due@2022-12-10 18:57:21
wie	how, like	deck#2	due@2022-06-01 17:49:27
fernsehen	to watch television	deck#2	due@2022-11-25 00:27:41
der Mann	man		
im, in	in (the)	deck#2	due@2022-12-12 01:18:21
Droge (f)	drug		
klar	clear (visibly)	deck#2	due@2022-12-07 21:00:44
Spritze (f)	injection		due@2022-12-07 21:41:55
Sonne (f)	sun		
die Zähne putzen (sich)	to clean one's teeth		
Brille (f)	glasses, spectacles	deck#2	due@2022-12-12 01:25:29
besser gehen	to be better	deck#2	due@2022-07-16 04:54:06
Erziehung (f)	education		due@2022-12-08 21:13:22
Feierabend machen	to finish work for the day		
adoptiert	adopted		
Energie (f)	energy		
Radiergummi (n)	rubber		
Blut (n)	blood	deck#3	due@2022-12-14 21:41:37
zu den Akten legen	to file away		due@2022-06-02 16:19:00
Bein (n)	leg		due@2022-11-23 22:05:45
Sicherheit (f)	safety		
Interview (n)	interview	deck#3	due@2022-10-08 21:40:26
Kreisverkehr (m)	roundabout		
Asthma (n)	asthma	deck#2	due@2022-05-24 18:14:45
Eingang (m)	entrance		
hin und zurück	return, there and back	deck#2	due@2022-12-08 21:41:53
Passwort (n)	password	deck#2	due@2022-05-19 19:30:31
Nachspeise (f)	dessert	deck#2	due@2022-06-03 16:27:03
Premierminister/in (m/f)	prime minister		
warmen	to warm		
Shorts (pl)	shorts	deck#2	due@2022-05-24 18:15:39
Badewanne (f)	bath tub		
Fluten	floods	deck#2	due@2022-06-17 22:32:44
vergessen	to forget, to leave behind		due@2022-12-08 20:26:37
Taxifahrer/in (m/f)	taxi driver		
hoch, hohe	high	deck#2	due@2022-09-07 17:08:09
vorziehen	to prefer		due@2022-10-09 04:33:24
weit	far	deck#3	due@2022-06-23 22:31:15
Herd (m)	cooker		due@2022-11-23 22:50:54
denkt	thinking	deck#2	due@2022-05-18 18:31:37
Freizeit (f)	free time, spare time	deck#3	due@2022-12-01 00:41:23
bügeln	to iron		due@2022-07-15 04:54:42
Diplom (n)	diploma	deck#3	due@2022-12-13 21:04:26
traurig	sad	deck#3	due@2022-12-13 21:04:01
Großvater (m)	grandfather	deck#2	due@2022-05-18 18:28:52
ausgeben	to spend (money)		
Kaufmann (m)	businessman		
indem	in which		
Schlussverkauf (m)	end of season sale		due@2022-12-11 01:35:50
offen	open	deck#3	due@2022-12-14 21:43:38
Kochtopf (m)	saucepan		
trinken	to drink	deck#2	due@2022-06-17 21:40:05
stimmen	to vote, to be correct		due@2022-12-07 21:42:41
das Hemd	shirt		
kochen	to cook	deck#2	due@2022-06-03 16:36:14
übel	bad, nauseous		due@2022-12-07 21:43:58
entlang	along		due@2022-05-19 20:29:47
wie komme ich...?	How do I get (to ...)?	deck#2	due@2022-07-16 04:47:37
Am	at the, on the, in the		
grau	grey		
obwohl	although		
Speck (m)	bacon		due@2022-05-23 21:43:25
berühmt	famous		due@2022-06-02 16:50:21
Mobiltelefon (n)	mobile phone	deck#2	due@2022-05-24 21:50:04
sichtbar	visible		
Motorrad (n)	motorbike	deck#2	due@2022-12-09 20:18:48
Größe (f)	size		
sauber	clean		
über	about, by, over	deck#3	due@2022-12-18 01:26:05
zwei	two	deck#3	due@2022-07-21 17:15:46
Auge (n)	eye		
Recycling (n)	recycling	deck#3	due@2022-12-18 01:36:30
Sekt (m)	champagne		due@2022-10-01 21:39:16
original	original	deck#3	due@2022-12-14 21:46:41
Arbeitspraktikum (n)	work experience		
Abfall (m)	rubbish		
manche	some	deck#2	due@2022-12-11 18:56:08
fallen	to fall	deck#3	due@2022-12-14 21:40:12
Eintritt (m)	admission, entry, entrance fee	deck#3	due@2022-05-30 18:15:50
Sozialkunde (f)	social studies		
der Kalender	calendar	deck#2	due@2022-05-18 18:30:32
interaktives Whiteboard (n)	interactive whiteboard	deck#2	due@2022-05-19 19:35:10
Kuh (f)	cow	deck#3	due@2022-07-22 04:54:10
umweltbewusst	environmentally aware		due@2022-07-14 17:18:59
Parfum, Parfüm (n)	perfume	deck#3	due@2022-12-15 20:27:43
Koch/Köchin (m/f)	cook, chef		
Scheibe (f)	slice		due@2022-05-23 21:15:58
zwanzig	twenty		
Zahnarzt/-ärztin (m/f)	dentist		
telefonieren	to telephone		
Empfang (m)	reception		
spät	late		
Parkplatz (m)	car park	deck#3	due@2022-06-09 16:19:03
Urlaub (m)	holiday		
Stuhl (m)	chair	deck#2	due@2022-05-20 20:27:01
Karte (f)	ticket	deck#3	due@2022-12-15 21:28:46
Informationen (pl)	information	deck#2	due@2022-05-18 20:27:43
eindeutig	clear		
Stockwerk (n)	floor, storey		due@2022-12-07 21:40:41
Ferienjob (m)	holiday job		due@2022-07-14 17:18:53
lustig	funny, amusing	deck#3	due@2022-12-14 21:37:01
Abteilung (f)	department		due@2022-05-23 21:24:46
tauchen	to dive		
Verwandte (pl)	relatives		due@2022-10-01 21:34:38
Scheck (m)	cheque		
unmöglich	impossible		
gegenüber	opposite	deck#2	due@2022-05-24 21:50:15
wie geht's?	how are you?	deck#2	due@2022-05-19 19:35:03
Kilometer (m)	kilometre	deck#2	due@2022-05-18 18:27:13
toll	mad, crazy		
besprechen	to discuss, debate		
synchronisiert	dubbed		
Notanruf (m)	emergency call		
aussteigen	to get off, to alight		due@2022-11-23 22:50:22
der Knopf	button	deck#3	due@2022-12-15 20:27:41
Demonstrant/in (m/f)	demonstrator	deck#3	due@2022-12-14 21:40:53
der Nutzer	user		due@2022-05-18 19:33:30
so	like this		
schlank	slim		
Kettensäge	chainsaw		due@2022-07-14 17:18:51
Doppelbett (n)	double bed		
die Bäckerei	bakery	deck#2	due@2022-06-01 20:55:49
alt	old	deck#2	due@2022-07-16 04:54:39
Bäcker/in (m/f)	baker	deck#2	due@2022-06-01 17:47:04
Stadtplan (m)	street map		
Wartesaal (m)	waiting room		
letzten	last		due@2022-05-18 19:35:33
jünger	younger		
bleifrei	lead free, unleaded		due@2022-12-08 20:26:47
weich	soft		
Sitz (m)	seat	deck#3	due@2022-10-09 16:29:27
geben	to give		
Vollpension (f)	full board		due@2022-05-31 20:56:11
beginnt	begins	deck#4	due@2023-01-10 01:25:47
Erde	earth, ground	deck#2	due@2022-07-16 05:08:25
Deutsch (n)	German	deck#2	due@2022-12-12 01:25:32
alt, älter, ältest	old, older, oldest	deck#2	due@2022-10-03 22:01:52
gehen	to go, to walk		
kühl	cool	deck#2	due@2022-05-24 18:20:21
Kasse (f)	till, cash desk, checkout		due@2022-12-08 21:12:39
Mann (m)	man, husband	deck#3	due@2022-10-09 16:29:33
Pilot/in (m/f)	pilot		
Fan (m)	fan	deck#4	due@2023-01-06 21:42:43
Pflichtfach (n)	compulsory subject		
Himmel (m)	sky		
Krankenwagen (m)	ambulance	deck#2	due@2022-12-08 21:41:41
lachen	to laugh	deck#3	due@2022-10-09 22:01:29
Reisescheck (m)	traveller's cheque		due@2022-06-02 16:27:17
lieben	to love		
parken	to park		
Kegelbahn (f)	bowling alley		
leuchtenden	glowing		
Taschenrechner (m)	pocket calculator		due@2022-05-18 19:36:55
Familienname (m)	surname	deck#2	due@2022-05-18 18:26:50
spielen	to play		
Prüfung (f)	exam		due@2022-11-24 00:30:09
nachsitzen	to have a detention		
Jacke (f)	jacket		
Imbissstube (f)	snack bar		
sterben	to die		due@2022-05-23 21:42:33
reiten	to ride (a horse)		
Speise (f)	meal, food		
entstehen	arise, develop, result, emerge		
soziales Netz (n)	social network	deck#3	due@2022-12-15 21:28:49
Schaufensterbummel (m)	window shopping		due@2022-11-24 00:31:01
fressen	to eat, to scoff		
Wurst (f)	sausage	deck#2	due@2022-12-08 21:43:24
kaufen	to buy	deck#3	due@2022-12-15 20:26:15
spannend	exciting, gripping	deck#2	due@2022-05-18 18:32:26
Süßigkeiten (pl)	sweets		
der Durst	thirst	deck#3	due@2022-12-14 21:42:30
Region (f)	region	deck#2	due@2022-11-25 00:31:22
Freundin	girlfriend		
Tasse (f)	cup	deck#2	due@2022-05-20 20:26:45
Kirsche (f)	cherry		
sowohl	both, and		
Hausaufgabe (f)	homework		
schwach	weak	deck#3	due@2022-12-15 20:26:41
Balkon (m)	balcony		
Musik (f)	music		
groß	tall, big	deck#3	due@2022-05-30 21:29:03
See (m)	lake		due@2022-05-18 19:30:35
Arbeit (f)	work		
schützen	to protect		due@2022-06-02 16:16:52
Sportler/in (m/f)	sportsman/sportswoman		
Bild (n)	picture		due@2022-05-31 20:55:57
bestellen	to order	deck#2	due@2022-07-16 04:47:39
der Junge	boy	deck#3	due@2022-05-30 18:17:35
Lammfleisch (n)	lamb		
wieder, erneut	again	deck#2	due@2022-11-25 00:41:16
alles Gute	all the best		
Fluss (m)	river		due@2022-12-07 21:40:19
Stück (n)	piece		
Schweinefleisch (n)	pork	deck#2	due@2022-10-02 21:34:16
lernen	to learn		
Flur (m)	hall, hallway		due@2022-06-02 16:27:20
headphones	Kopfhörer (m)	deck#2	due@2022-12-09 21:28:52
warm	warm		
Türke	Turk		
aufstehen	to get up		
musizieren	to play a musical instrument		due@2022-06-02 16:51:55
normal	normal		
Model (n)	model		
Fahrrad (n)	bicycle		
Menschheit	mankind	deck#2	due@2022-06-01 20:56:03
Programm (n)	programme, channel	deck#2	due@2022-10-02 21:40:25
früh	early		due@2022-05-19 20:26:35
gratis, kostenlose	free of charge	deck#3	due@2022-12-15 20:25:51
Schildkröte (f)	tortoise		
Eis (n)	ice, ice cream		
Dusche (f)	shower	deck#2	due@2022-12-08 21:46:53
Schaf (n)	sheep	deck#2	due@2022-06-03 16:26:23
greifen	to grab		
Der Deutsche Filmpreis	German 'Oscar'		due@2022-06-02 16:46:36
gut bezahlt	well paid		
die Frau	woman	deck#2	due@2022-10-03 00:24:44
klicken	to click		
Ecke (f)	corner	deck#2	due@2022-05-24 21:03:32
ausgehen	to go out	deck#2	due@2022-05-24 18:23:55
bedeckt	overcast		due@2022-06-02 16:22:43
Aula (f)	hall		due@2022-12-07 21:39:03
Zweck	purpose		due@2022-12-07 21:43:05
Bier (n)	beer	deck#2	due@2022-05-24 18:23:56
das Insekt	insect	deck#2	due@2022-06-03 16:20:00
holen	to fetch		due@2022-05-19 21:50:25
Gesundheit (f)	health		
kennen lernen	to meet, make the acquaintance of	deck#3	due@2022-06-09 16:21:56
einschließlich	including, inclusive		
Esszimmer (n)	dining room	deck#2	due@2022-05-24 21:45:12
sah	saw, see, view, look		
durchfahren	to travel straight through		due@2022-05-18 19:30:21
Regen (m)	rain		
Bauernhof (m)	farm		due@2022-06-02 16:26:57
Freizeitpark (m)	theme park	deck#3	due@2022-12-15 21:18:19
Fischhändler/in (m/f)	fishmonger	deck#3	due@2022-12-14 21:36:58
Unterkunft (f)	accommodation		
Schinkenbrot (n)	ham sandwich		due@2022-05-23 18:21:22
Blatt (n)	sheet (of paper)		due@2022-11-23 22:05:39
Hemd (n)	shirt		
laut	loud		
Gurke (f)	cucumber		due@2022-10-02 22:01:56
Blick (m) (auf)	view (of)		due@2022-05-23 21:43:39
selbst	yourself	deck#2	due@2022-05-19 17:47:39
Möbel (pl)	furniture	deck#2	due@2022-12-08 21:39:01
Himbeere (f)	raspberry		due@2022-05-18 19:35:16
sonst	else, otherwise		
chatten	to chat (online)	deck#2	due@2022-12-09 21:28:27
starten	to take off		
Wetter (n)	weather	deck#2	due@2022-05-24 21:00:55
vorzeigen	to show		due@2022-05-23 18:20:44
entweder	either		
Name (m)	name	deck#4	due@2022-10-31 21:40:23
die Orange	orange		
Maus (f)	mouse	deck#2	due@2022-05-24 18:14:07
bei mir	at (my) home		
Lehrer/in (m/f)	teacher	deck#2	due@2022-10-10 04:33:15
Gewichtstraining (n)	weight training		due@2022-12-07 21:43:50
Gottes	God's, belonging to God	deck#2	due@2022-10-03 22:01:43
Frau (f)	woman, wife		
gefallen	to like, to please		
Studium (n)	study, studies	deck#3	due@2022-07-22 05:24:30
Wetterbericht (m)	weather report		due@2022-11-23 22:03:35
Hausfrau (f)	housewife		
Kleidung (f)	clothing, clothes	deck#3	due@2022-06-23 22:32:41
Pfirsich (m)	peach		due@2022-11-24 00:41:20
monatlich	monthly		due@2022-05-19 20:29:17
Serie (f)	series		
Bad (n)	bath		
Hand (f)	hand	deck#3	due@2022-12-18 01:24:41
Wagen (m)	car		
braun	brown	deck#3	due@2022-12-01 00:31:20
Verkehrsstau (m)	traffic jam		due@2022-12-07 21:44:05
klug	clever		due@2022-05-23 21:03:51
Gebäude (n)	building	deck#2	due@2022-06-03 16:10:13
Palast (m)	palace	deck#2	due@2022-06-03 16:47:35
hässlich	ugly		
Zug (m)	train	deck#2	due@2022-10-03 22:01:20
Komödie (f)	comedy	deck#3	due@2022-12-18 01:25:59
Schuh (m)	shoe	deck#3	due@2022-05-30 21:14:55
Bus (m)	bus		
die Ferien	holiday	deck#2	due@2022-12-12 01:36:19
Mittagessen (n)	lunch, mid-day meal		
Taxi (n)	taxi	deck#3	due@2022-06-07 20:55:55
kopieren	to copy	deck#2	due@2022-12-11 18:56:13
streng	strict		due@2022-10-09 04:33:04
Regenschauer (m)	shower		due@2022-06-02 16:26:16
der Hunger	hunger	deck#2	due@2022-06-17 21:42:43
abspülen	to wash up		
buchen	to book	deck#3	due@2022-12-14 21:42:11
Limonade (f)	lemonade	deck#2	due@2022-05-24 18:22:06
irgendwann	sometime		
Telefonat (n)	telephone call	deck#3	due@2022-12-01 00:29:34
Nebel (m)	fog		
Rad fahren	to ride a bike, go cycling		due@2022-05-18 19:34:00
Wechselstube (f)	bureau de change		
Großmutter (f)	grandmother		
im ersten Stock	on the first floor		
See (f)	sea	deck#2	due@2022-07-15 17:15:48
drucken	to print		due@2022-12-11 02:00:16
das Buch	book	deck#3	due@2022-12-15 21:18:52
der Balkon	balcony		
In ordnung!	OK!		
Freundschaft (f)	friendship		
morgens	in the mornings	deck#2	due@2022-11-24 22:04:03
Software (f)	software	deck#2	due@2022-10-03 22:02:01
die Ampel	traffic light	deck#4	due@2023-01-07 20:18:45
mein	my, mine	deck#2	due@2022-10-02 21:40:39
freundlich	friendly, kind, nice	deck#2	due@2022-05-24 21:28:36
verriegeln	to lock		due@2022-10-02 00:25:03
Frühstück (n)	breakfast		
Grundschule (f)	primary school	deck#2	due@2022-12-09 20:19:21
schmekt	tastes	deck#3	due@2022-12-18 01:18:10
nächst	next		
Erdöl (n)	crude oil, petroleum		due@2022-06-16 21:41:07
Museum (n)	museum	deck#3	due@2022-11-30 22:05:50
nützlich	useful		
geschieden	divorced		due@2022-05-17 20:28:17
Abreise (f)	departure		due@2022-10-02 00:24:55
Sturm (m)	storm	deck#2	due@2022-10-03 16:30:17
erklären	to explain		due@2022-06-02 16:50:07
Grad (m)	degree	deck#2	due@2022-05-19 19:36:30
hart	hard		
Mantel (m)	coat		
mich, mir	me	deck#2	due@2022-05-24 18:17:48
Mutter (f)	mother	deck#2	due@2022-05-20 19:04:55
das Salz	salt	deck#2	due@2022-06-01 17:49:31
Burg (f)	castle	deck#3	due@2022-05-30 21:13:06
ungestaltet	undesigned		
gute nacht	good night	deck#2	due@2022-05-19 19:37:04
Sprache (f)	language	deck#3	due@2022-11-30 17:30:31
Badezimmer (n)	bathroom		
plaudern	to chat		due@2022-11-24 00:32:01
strahlte	beamed		due@2022-05-23 18:34:53
links	(on the) left		
Bahnhof (m)	(railway) station		
Boot (n)	boat		
singen	to sing	deck#2	due@2022-05-20 21:50:30
überqueren	to cross		
selbstsüchtig	selfish		
wohin	where to	deck#2	due@2022-05-24 21:47:49
Leichtathletik (f)	athletics		
schlagen	to hit, knock		
Reisende (m/f)	traveller		due@2022-10-01 21:39:14
verändern	to change		due@2022-12-08 21:18:29
Gruselfilm (m)	horror film		
regnen	to rain		
Podest	pedestal		
duschen	to shower	deck#3	due@2022-10-16 04:32:48
Noch	still	deck#2	due@2022-05-19 19:36:12
süß	sweet		
einkaufen gehen	to go shopping	deck#2	due@2022-10-03 00:23:18
fünfzehn	fifteen	deck#3	due@2022-12-15 20:19:04
Schminke (f)	makeup		due@2022-05-23 21:42:31
in der Nähe von	near	deck#3	due@2022-10-09 00:23:22
Sonnenbrille (f)	sunglasses		
Zurück	return	deck#2	due@2022-07-16 05:18:28
zuletzt	last of all		due@2022-12-08 20:27:33
Einwohner (m)	inhabitant		due@2022-07-15 04:53:50
Sender (m)	broadcaster, station		due@2022-05-23 18:34:46
auf etwas vorbereiten (sich)	to get ready for		due@2022-05-23 21:47:01
lecker	tasty	deck#3	due@2022-12-13 21:04:20
Tiefkühltruhe (f)	freezer		
Chemie (f)	chemistry	deck#2	due@2022-06-03 16:30:21
aufräumen	to tidy up		due@2022-05-31 17:46:44
erkennen	recognize		
die Marmelade	jam		
online	online	deck#3	due@2022-11-30 17:30:29
begeistert	excited		
modern	modern	deck#2	due@2022-11-24 22:04:11
das Kleid	dress	deck#3	due@2022-12-15 20:26:51
der Bernstein	amber		due@2022-07-14 17:17:57
Teller (m)	plate	deck#3	due@2022-05-30 21:28:54
Hunger haben	to be hungry		
nein	no	deck#2	due@2022-06-03 16:17:57
zerstören	to destroy		
Pflanze (f)	plant	deck#2	due@2022-12-11 18:57:32
die Wiese	meadow		due@2022-06-02 16:17:58
Nachrichtensendung (f)	news broadcast		
Klo (n)	loo		due@2022-12-08 20:18:57
Bett (n)	bed	deck#2	due@2022-06-17 21:40:53
Fieber (n)	temperature, fever	deck#2	due@2022-06-03 16:51:13
Religion (f)	religious education, religion		
Haustier (n)	pet	deck#4	due@2023-01-07 20:25:47
Waschbecken (n)	washbasin	deck#2	due@2022-05-24 21:45:25
Overhead-Projektor (m)	overhead projector	deck#3	due@2022-07-22 05:08:15
Aprikose (f)	apricot		
Muttertag/Vatertag (m)	Mother's Day, Father's Day	deck#2	due@2022-06-03 16:19:44
bearbeiten	to work on		
Grundschullehrer/in (m/f)	primary school teacher	deck#3	due@2022-11-30 22:03:25
Zoll (m)	customs		due@2022-05-19 20:26:33
Werbung (f)	advertisement, advertising		due@2022-11-23 22:50:24
Mathe (f)	maths	deck#3	due@2022-10-09 22:01:49
Welle (f)	wave	deck#2	due@2022-10-02 21:40:04
joggen	to jog		
Hügel (m)	hill		due@2022-05-23 21:48:54
Decke (f)	ceiling, blanket		
Wort (n)	word		
Toast (m)	toast	deck#2	due@2022-06-17 22:32:29
Vorspeise (f)	starter		due@2022-05-23 21:24:51
das Pferd	horse	deck#2	due@2022-05-18 18:30:21
das Trinkgeld	tip		due@2022-05-23 21:47:10
Mehl (n)	flour		due@2022-11-23 17:30:33
auch	also, too	deck#3	due@2022-06-07 17:46:27
Ende (n)	end	deck#3	due@2022-10-08 20:44:13
kennen	to know (a person)	deck#2	due@2022-06-03 16:26:18
das Datum	date	deck#2	due@2022-06-03 16:41:41
Messer (n)	knife		due@2022-07-14 17:15:39
das Feuerzeug	the lighter	deck#2	due@2022-05-24 18:21:26
Polizei (f)	police	deck#2	due@2022-10-02 22:24:29
Unterricht (m)	lesson		due@2022-11-23 17:30:48
Spezialeffekte (pl)	special effects		
Tafel (f)	board		
Grippe (f)	flu	deck#2	due@2022-05-24 21:26:43
heiß	hot	deck#2	due@2022-05-20 21:15:35
essen	to eat	deck#2	due@2022-12-11 18:57:09
skateboarden, Skateboard fahren	to skateboard		
Lehre (f)	apprenticeship		due@2022-06-02 16:14:17
Viertel (n)	district, quarter	deck#3	due@2022-12-14 21:39:06
schulfrei	no school	deck#2	due@2022-05-24 21:47:16
Königin (f)	queen	deck#2	due@2022-12-08 21:47:25
sechs	six		
enkelin	granddaughter	deck#2	due@2022-06-01 17:49:36
Küche (f)	kitchen	deck#2	due@2022-10-03 00:25:08
Drogenkonsum (m)	drug-taking	deck#5	due@2023-03-11 01:35:56
landen	to land	deck#2	due@2022-05-20 20:30:05
enden	to end, finish	deck#2	due@2022-05-24 21:27:52
Toilette (f)	toilet	deck#2	due@2022-05-18 18:27:00
Turnhalle (f)	gym		due@2022-12-08 21:28:56
gern (haben)	to like	deck#2	due@2022-10-02 21:35:17
Müdigkeit	tiredness		due@2022-10-02 16:12:09
Bonbon (m)	sweet	deck#4	due@2022-10-31 21:40:32
Kunde/Kundin (m/f)	customer, client		
total	really (extremely)	deck#2	due@2022-06-17 21:42:40
Fenster (n)	window	deck#2	due@2022-10-03 22:01:58
Gesicht (n)	face		
Uhr (f)	watch, clock		
Zahnschmerzen (pl)	toothache	deck#2	due@2022-05-19 19:34:13
Unfall (m)	accident		due@2022-06-02 16:26:11
bedienen	to serve		
Zahnbürste (f)	toothbrush		
blond	blonde		
Klempner(in) (m/f)	plumber		due@2022-05-17 16:28:39
wollen	to want to, to wish to	deck#3	due@2022-12-14 21:40:50
Tee (m)	tea		
Textbuch (n)	text book	deck#2	due@2022-05-20 20:26:28
Blume (f)	flower	deck#2	due@2022-10-02 20:44:22
wichtiger	more important		
Kaufhaus (n)	department store	deck#2	due@2022-12-09 21:19:02
leben	to live	deck#3	due@2022-07-22 04:54:18
Alkohol (m)	alcohol	deck#4	due@2022-07-16 21:42:36
Kassierer/in (m/f)	cashier		due@2022-10-02 16:29:48
Englisch (n)	English		
Hafen (m)	port, harbour		
Debatte (f)	debate	deck#3	due@2022-06-23 21:43:17
Luftsteward/ess (m/f)	air steward/air stewardess		
Beruf (m)	occupation, profession	deck#2	due@2022-11-25 00:28:03
der Pass	passport		
Banane (f)	banana		
Seifenoper (f)	soap opera		due@2022-05-31 17:46:46
bowlen gehen	to go ten-pin bowling	deck#2	due@2022-05-24 21:02:03
Reifen (m)	tyre		due@2022-05-23 21:50:10
Finger (m)	finger	deck#3	due@2022-12-01 00:30:21
sprechen	to speak	deck#2	due@2022-07-16 04:54:09
bequem	comfortable		due@2022-11-23 22:50:34
beantworten	respond		
Hof (m)	playground		due@2022-12-07 21:42:24
laufen	to walk	deck#2	due@2022-05-24 21:23:34
Trompete (f)	trumpet		
die Verbindung	connection, joining		
Trainingsanzug (m)	tracksuit		due@2022-12-08 21:18:49
Neffe (m)	nephew		due@2022-07-14 17:19:03
Taschenlampe (f)	torch		
Schlafzimmer (n)	bedroom	deck#3	due@2022-12-15 20:19:09
Pflaster (n)	plaster		
weh tun (sich)	to hurt (oneself)		
gebrochen	broken		
Sofa (n)	sofa, settee	deck#2	due@2022-06-01 20:55:58
Eintrittspreis (m)	admission/entrance fee		
gestreift	striped		due@2022-10-09 04:33:13
einkaufen	to buy		
Satellitenfernsehen (n)	satellite TV	deck#2	due@2022-11-25 00:27:44
Hose (f)	trousers	deck#2	due@2022-05-18 18:27:11
nett	nice	deck#2	due@2022-11-25 00:30:51
Arm (m)	arm	deck#2	due@2022-05-24 21:24:55
Ei (n)	egg	deck#2	due@2022-05-19 17:11:52
Verkehrsamt (n)	tourist office		due@2022-12-08 21:12:57
Staubsauger (m)	vacuum cleaner		
Büro (n)	office		
Klempner/in (m/f)	plumber		
Schrank (m)	cupboard		
Tante (f)	aunt	deck#3	due@2022-10-08 23:54:12
Finsternis	darkness, eclipse, obscurity		
Verkehr (m)	traffic		due@2022-05-18 19:30:44
das Geschlecht	gender		
großzügig	generous		due@2022-05-23 18:15:09
Lohn (m)	wage(s), pay		due@2022-10-02 00:24:59
Fach (n)	subject		due@2022-05-23 21:43:57
Dose (f)	tin, can		
Apotheke (f)	chemist's (dispensing)	deck#2	due@2022-10-03 16:30:14
Schweinefilet (n)	pork fillet	deck#2	due@2022-10-02 21:39:12
hören	to hear, to listen to		
die Sehenswürdigkeit	attraction, sight to see		due@2022-05-17 16:31:04
Informationsbüro (n)	information		
das Zeug	stuff		due@2022-06-02 16:30:07
oder	or	deck#2	due@2022-05-24 18:16:42
brauchen	to need	deck#2	due@2022-06-17 21:42:44
öffentlich	public		due@2022-10-01 21:40:22
Durchfall (m)	diarrhoea		
nach Hause gehen	to go home	deck#2	due@2022-05-24 18:16:34
Bauch (m)	tummy		due@2022-11-24 00:31:09
Preisliste (f)	list of prices		
Essig (m)	vinegar		
Computer (m)	computer	deck#3	due@2022-06-07 20:42:00
Tagesschau (f)	television news		due@2022-10-02 22:01:38
historisch	historic(al)	deck#2	due@2022-10-02 20:44:51
verschreiben	to precribe		
die Speisekarte	menu	deck#2	due@2022-06-03 16:14:01
vom Aussterben bedroht	endangered (species, plants etc)		
Rathaus (n)	town hall		due@2022-06-16 21:43:34
Karneval (m)	carnival	deck#2	due@2022-05-24 18:15:11
Hühnchen (n)	chicken, hen	deck#2	due@2022-05-24 21:00:34
Feuerwehrmann/Feuerwehrfrau (m/f)	firefighter		
Biologie (f)	biology	deck#2	due@2022-06-17 22:31:33
bekommen	to receive, to get		due@2022-05-18 19:35:44
aufwachen	to wake up		due@2022-12-06 21:03:34
Schmuck	jewellery	deck#2	due@2022-05-24 18:17:26
Bibliothek (f)	library	deck#2	due@2022-05-24 18:16:36
