¡Párense!	stop!		
¡Ya voy!	I'm coming!		
¿De parte de quién?	Who's calling please?		
¿De parte de quién?	Who's calling please?		
¿Me escuchas?	Are you listening to me?		
¿Me escuchas?	Are you listening to me?		
¿Qué tiempo hace?	What's the weather like?		
"mijo"	my son (mi hijo)	deck#2	due@2021-10-25 04:57:15
(Yo) me imagino que...	I imagine that		
A Anita le encanta la música.	Anita loves music.		
A Anita le encanta la música.	Anita loves music.		
a corto plazo	short term		
a corto plazo	short term		
a largo plazo	long term		
a largo plazo	long term		due@2021-10-24 04:56:23
A mí me encanta la música.	I love music.		
A mí me encanta la música.	I love music.		
a pie	by foot		
a término medio	medium		due@2021-10-24 04:59:44
a término medio	medium		
a veces	sometimes		
aboard	abordo		
abril	April		
abrir	to open		
aburrir	to bore		
acá	here		
acostarse	to go to bed		
acostarse	to go to bed		
agarrar	to grab		
agosto	August		
aisle	el pasillo	deck#2	due@2021-10-25 04:56:52
al lado de	beside		
alegre	happy		
alemán	German		
alemán	German		
algo	something		
algo	something		
allí	there		
almorzar	to eat lunch		
alquilar	to rent		
alrededor de	around		
alto	tall		
amarillo	yellow		
americano	American		
americano	American		
andaluz	Andalusian		
andaluz	Andalusian		
andar	to walk		
andar a caballo	to go horseback riding		
anoche	last night		
antes de	before		
añadir	to add		
aquí	here		
argentino	Argentine		
argentino	Argentine		
armar la carpa	to set up the tent		
arroba	@		
arroba	@		
asignar	to assign		
asignar	to assign		
Asunción	Paraguay		
Asunción	Paraguay		
ayer	yesterday		
azul	blue		
bajar	to go down		
bajar del tren	to get off the train		
bajo	short		
barato	cheap		
bastante	fairly		
batear	to bat		
bathroom	el servicio		
beber	to drink		
bien educado	well mannered		
bien hecho	well done		
bien hecho	well done		
bloquear	to block		
Bogotá	Colombia		
Bogotá	Colombia		
borrar	to erase		
borrar	to erase		
brasileño	Brazilian		
brasileño	Brazilian		
británico	British		
británico	British		
bronceado	tan		
bueno	good		
Buenos Aires	Argentina		
Buenos Aires	Argentina		
buscar	to look for		
caber	to fall		
cada	each		
caer	to fall		
caer	to fall		
caer	to fall		
Caigo	I fall		due@2021-10-24 04:59:35
Caigo	I fall		
cambiar	to exchange		
cambiar	to exchange		
caminar	to walk		
canadiense	Canadian		
canadiense	Canadian		
cansado	tired		
Caracas	Venezuela		
Caracas	Venezuela		
cariñoso	caring		
caro	expensive		
casi crudo	rare		
casi crudo	rare		
castaño	brown		
catalán	Catalan		
catalán	Catalan		
cepillarse los dientes	to brush the teeth		
cerca de	close to		
cerrar	to close		
chileno	Chilean		
chileno	Chilean		
chino	Chinese		
chino	Chinese		
Ciudad de Guatemala	Guatemala		
Ciudad de Guatemala	Guatemala		
Ciudad de México	México		
Ciudad de México	México		
Ciudad de Panamá	Panamá		
Ciudad de Panamá	Panamá		
cobrar	to collect		
cobrar	to collect		
coger	to catch, grab		
coger	to catch, grab		
Cojo	I grab		
Comamos.	Let's eat.		
Comencemos / Empecemos.	Let's begin.		
comenzar	to begin		
comer	to eat		
cómico	funny		
componer	to compose		
componer	to compose		
comprar	to buy		
con permiso	excuse me		
contener	to contain		
contento	happy		
contestar	to answer		
convencer	to convince		
correr	to run		
costar	to cost		
costarricense	Costa Rican		due@2021-10-24 05:00:12
costarricense	Costa Rican		
cubano	Cuban		
cubano	Cuban		
cumpleaños	birthday		
dar	to give		
dar	to give		
dar una caminata	to go for a hike		
dar una fiesta	throw a party		
de repente	suddenly		
de vez en cuando	every now and then		
decir	to say		
decir	to say, tell		
decir	to say, tell		
dejar un mensaje	to leave a message		
dejar un mensaje	to leave a message		
dejar una propina	to leave a tip		
dejar una propina	to leave a tip		
delante de	in front of		
delante de	in front of		
delay	un retraso		due@2021-10-24 04:56:58
delay	una demora		
Demos.	Let's give.		
dentro de poco	in a little bit of time		
deprimido	depressed		
derecho	right	deck#2	due@2021-10-25 04:56:30
descolgar	to pick up the phone		
descolgar	to pick up the phone		
deshacer	to undo		
despertarse	to wake up		
después (de)	after		
detener	to detain		
detrás de	behind		
detrás de	behind		
diciembre	December		
Diga.	Speak. (to answer the phone)		
Diga.	Speak. (to answer the phone)		
dinámico	dynamic		
dirigir	to direct		
dirigir	to direct		
Dirijo	I direct		
disponer	to arrange		
distinguir	to distinguish		
distinguir	to distinguish		
distraer	to distract		
divertirse	to have fun		
doler	to ache		
domingo	Sunday		
dormir	to sleep		
dormirse	to fall asleep		
dormirse	to fall asleep		
doy	I give		
ducharse	to shower oneself		
Durmamos.	Let's sleep.		
ecuatoriano	Ecuadorian		
ecuatoriano	Ecuadorian		
ejecer	to practice (a profession)		
el abogado	attorney		
el abuelo	grandfather		
el abuelo	grandfather		
el aceite de oliva	olive oil		
el aceite de oliva	olive oil		
el aeropuerto	the airport		
el agente	agent		
el agua	water		
el alumno	male student		
el alumno	male student		
el amigo	friend		
el andén	the platform		
el año	year		
el año pasado	last year		
el apartamento	the apartment		
el árbol	the tree		
el archivo	file		
el archivo	file		
el asiento	seat		
el asiento libre	unoccupied seat		
el asiento ocupado	occupied seat		
el asilo político	political asylum		
el auricular	phone receiver		
el auricular	phone receiver		
el balón	ball		
el baloncesto	basketball		
el baño	the bathroom		
el básquetbol	basketball		
el baúl	the trunk		
el béisbol	baseball		
el biftec	steak		
el biftec	steak		
el billete	bill		
el billete	bill		
el billete	ticket		
el billete de ida y vuelta	round trip ticket		
el billete sencillo	one-way ticket		
el boleto	ticket		
el boleto electrónico	e-ticket		
el botón borrador	delete key		
el botón borrador	delete key		
el botón regresar	back key		
el botón regresar	back key		
el brazo	arm		
el brazo	arm		
el bus escolar	school bus		
el buzón	mailbox (inbox)		
el buzón	mailbox (inbox)		
el cajero automático	ATM		
el cajero automático	ATM		
el camarero	Spanish waiter		
el camarero	Spanish waiter		
el camping	camping		
el campo	the field		
el cañón	canyon		
el cargo	charge		
el cargo	charge		
el carro	car		
el celular	cell phone	deck#2	due@2021-10-25 04:56:55
el celular	cell phone		
el centavo	cent		
el cepillo	brush		
el cepillo de dientes	tooth brush		
el champú	shampoo		
el cheque	check		
el cheque	check		
el cliente	customer		
el cliente	customer		
el coche	car		
el coche	train car		
el coche comedor	dining car		
el código	code		
el código	code		
el codo	elbow		
el comedor	dining room		
el comedor	the dining room		
el consultorio	doctor's office		
el control de seguridad	security checkpoint		due@2021-10-24 04:57:03
el cordero	lamb		
el cordero	lamb		
el correo electrónico	email		
el correo electrónico	email		
el correo electrónico	email		
el cuarto	room		
el cuarto	the room	deck#2	due@2021-10-25 04:59:33
el cuarto de baño	bathroom		
el cuarto de dormir	bedroom		
el cuarto de dormir	the bedroom		
el cubierto	silverware		
el cubierto	silverware		
el cuchillo	knife		
el cuchillo	knife		
el cuenco	bowl		
el cuenco	bowl		
el cuerpo humano	human body		
el dedo	finger		
el dedo de pie	toe		
el deporte	the sport		
el destinatario	recipient		
el destinatario	recipient		
el destino	destination		
el dinero	money		
el dinero	money		
el dinero	money		
el dinero	money		
Él distingue	He distinguishes		
Él distingue	He distinguishes		
el distribuidor automático	boarding pass kiosk		
el distribuidor automático	ticket dispenser		
el documento adjunto	attached document		
el documento adjunto	attached document		
el dólar	dollar	deck#2	due@2021-10-25 04:57:09
el dólar	dollar		
el dolor	ache		
el edificio	the building		
el email	email		
el email	email		
el equipaje	luggage		due@2021-10-24 04:56:42
el equipaje de mano	hand bags		
el equipaje de mano	hand luggage		
el equipo	team		
el escenario	setting		due@2021-10-24 04:59:25
el esposo	husband		
el esposo	husband		
el esquiador	skier		
el este	east		
el examen	test		
el experto	expert		
el fútbol americano	(American) football		
el garaje	garage		
el garaje	garage		
el gato	cat		
el gemelo	male twin		
el hall	train station concourse		
el hermanastro	stepbrother		
el hermano	brother		
el hermano	brother		
el hijo	son		
el horario	schedule	deck#2	due@2021-10-25 05:00:25
el icono	icon		
el icono	icon		
el indígena	indigenous person (Indian)		
el invierno	winter		
el jardín	the yard		
el jardín	yard		
el jugador	player		
el libro	book	deck#2	due@2021-10-25 04:57:08
el libro	book		
el libro	book		
el maíz	corn		
el mantel	table cloth		
el mantel	table cloth		
el mar	the sea		
el marido	husband		
el médico	doctor		
el mensaje	message		
el mensaje	message		
el mensaje	message		
el menú	fixed price menu		
el menú	fixed price menu		
el mercado	market		
el mesero	Latin American waiter		
el mesero	Latin American waiter		
el mesero	waiter		
el mesero	waiter		
el miembro	member		
el mochilero	backpacker		
el monto	total amount		
el monto	total amount		
el mostrador	the counter		
el móvil	cell phone		
el móvil	cell phone		due@2021-10-24 05:00:01
el MP3	MP3	deck#2	due@2021-10-25 04:59:49
el MP3	MP3		
el nieto	grandson		
el nombre	name		
el nombre del pasajero	passenger name		
el número	shoe size		
el número de teléfono	phone number		
el número de teléfono	phone number		
el número del asiento	seat number		
el número del vuelo	flight number		
el ojo	eye		
el ordenador	computer		
el ordenador	computer		
el otoño	autumn		
el paciente	the patient		
el padrastro	stepfather		
el padre	father		
el pan	bread		
el pan	bread		
el pan	bread		
el parque	the park		
el parque nacional	national park		
el partido	the game		
el pasajero	passenger		
el pasajero	passenger		
el patinaje sobre el hielo	ice skating		
el peine	comb		
el pelo	hair		
el pelo	hair		
el perro	dog		
el perro	dog		
el personaje	character		
el pie	foot		
el pie	foot		
el piso	floor		
el piso	the floor		
el platillo	saucer		
el platillo	saucer		
el plato	dish		
el plato	dish		
el plato	plate		
el plato	plate		
el político	politician		
el portátil	laptop		
el portátil	laptop		
el portero	the goalie		
el prefijo del país	country code		
el prefijo del país	country code		
el préstamo	loan		
el préstamo	loan		
el primo	cousin		
el primo	male cousin		
el principiante	beginner		
el puesto	market stand		
el quetzal	currency of Guatemala		
el quiosco	kiosk		
el ratón	mouse		
el ratón	mouse		
el restaurante	restaurant		
el restaurante	restaurant		
el restaurante	restaurant		
el restaurante	restaurant		
el revisor	the conductor		due@2021-10-24 04:57:37
el risco	cliff		
el rollo de papel higiénico	roll of toilet paper	deck#2	due@2021-10-25 04:57:07
el saco de dormir	sleeping bag		
el saldo	bank balance		
el saldo	bank balance		
el sindicato	worker's union		
el sobrino	nephew		
el sobrino	nephew		
el sofá	sofa		
el soldado	soldier	deck#2	due@2021-10-25 04:59:53
el suelo	floor		
el suelto	change		
el suelto	change		
el supermercado	supermarket		
el talonario	checkbook		
el talonario	checkbook		
el taxi	taxi		
el taxista	taxi driver		
el techo	roof		
el teclado	keyboard		
el teclado	keyboard		
el teléfono público	public telephone		
el teléfono público	public telephone		
el telesilla	the ski lift		
el tenedor	fork		
el tenedor	fork		
el tenis	tennis		
el timbre	ring		
el timbre	ring		
el tío	uncle		
el tío	uncle		
el tipo (la tasa) de cambio	exchange rate		
el tipo (la tasa) de cambio	exchange rate		
el trabajador	worker		
el trabajo	job, work		
el traje de baño	swim suit		
el tren	train		
el tubo de crema dental	tube of tooth paste		
el vendedor	seller		
el verano	summer		
el verano	the summer		
el vinagre	vinegar		
el vinagre	vinegar		
elegir	to choose, elect		
elegir	to choose, elect		
Ellos distinguen	They distinguish		
Ellos distinguen	They distinguish		
empezar	to begin		
en efectivo	cash		
en efectivo	cash		
encantar	to love		
encantar	to love		
encender	to light		
encestar	to throw into a basket		
encoger	to shrink		
encoger	to shrink		
encontrar	to find	deck#2	due@2021-10-25 04:57:35
encontrarse	to meet		
enero	January		
enojado	angry		
entender	to understand		
entonces	then		
entrar	to enter		
entrar en línea	to go online		
entrar en línea	to go online		
enviar	to send		
escoger	to choose		
escoger	to choose		
Escojo	I choose		
Escribamos.	Let's write.		
escribir a máquina	to type		
escribir a máquina	to type		
escuchar	to listen to		
español	Spanish		
español	Spanish		
esperar	to hope, wait		
esperar	to wait		
esperar el tono	to wait on the tone		
esperar el tono	to wait on the tone		
Está nublado.	It's cloudy.		
estar	to be		
estar	to be		
estar	to be		
estar bien	to be well		
estar completo	to be full		
estar de buen humor	to be in a good mood		
estar de mal humor	to be in a bad mood		
estar enfermo	to be ill		
estar preocupado	to be worried		
Estás cortando.	You are cutting out.		
Estás cortando.	You are cutting out.		
estirarse	to stretch		
estoy	I am		
estoy	I am		
estudiar	to study		
examinar	to examine		
exigir	to demand		due@2021-10-24 04:59:31
exigir	to demand		
Exijo	I demand		
extinguir	to extinguish		
extinguir	to extinguish		
facturar el equipaje	to check the luggage		
fatigado	tired, fatigued		
febrero	February		
fingir	to pretend		
Finjo	I pretend		
flight attendant	el asistente de vuelo		
flight attendant	la asistenta de vuelo		
formidable	formidable, frightening		
francés	French		
francés	French		
ganar	to win		
gracioso	funny		
gritar	to shout		
guardar	to keep		
guardar	to keep		
guardar cama	to stay in bed		
guatemalteco	Guatemalan		
guatemalteco	Guatemalan		
gustar	to be pleasing to		
hablar	to speak		
Hace buen tiempo.	It's good weather.		
Hace calor.	It's hot.		
Hace fresco.	It's cool.		
Hace frío.	It's cold.		
Hace mal tiempo.	It's bad weather.		
Hace mucho frío.	It's really cold.		
Hace sol.	It's sunny.		
Hace viento.	It's windy.		
hacer	to do, make		
hacer	to do, make		
hacer	to do, to make		
hacer clic	to click		
hacer clic	to click		
hacer la maleta	to make the suitcase		
hacer un viaje	to make a trip		
hacer un viaje	to make a trip		
hacia	towards		
Hago	I do, I make		
hay	there is/there are		
hay (form of haber)	there is/are		
Hay granizo.	It's hailing.		
Hay humedad.	It's humid.		
Hay niebla.	It's foggy.		
hay que	one must		
how many?	¿cuánto?		
how?	¿cómo?		
identity card	el carnet de identidad		
indicar	to indicate		
inglés	English		
inglés	English		
insertar	to insert		
inteligente	intelligent		
interesar	to interest		
introducir la tarjeta bancaria	to insert the bank card		
introducir la tarjeta bancaria	to insert the bank card		
introducir la tarjeta telefónica	to insert the telephone card		
introducir la tarjeta telefónica	to insert the telephone card		
ir	to go		
ir	to go		
ir de camping	to go camping		
ir de compras	to go shopping		
irá	he/she/you will go		
irán	they/you all will go		
irás	you will go		
iré	I will go		
iréis	you all will go		
iremos	we will go		
iría	I would go		
iríais	you all would go (vosotros)		
iríamos	we would go		
irían	they/you all would go		
irías	you would go		
irlandés	Irish		
irlandés	Irish		
irse	to leave		
israelí	Israeli		
israelí	Israeli		
italiano	Italian		
italiano	Italian		
izquierdo	left		
japonés	Japonese		
japonés	Japonese		
jueves	Thursday		
jugar al fútbol	to play soccer		
Juguemos.	Let's play.		
julio	July		
junio	June		
la abuela	grandmother		
la abuela	grandmother		
la agente	agent		
la alfombrilla	mousepad		
la alfombrilla	mousepad		
la alumna	female student		
la alumna	female student		
la bandeja de entradas	inbox		
la bandeja de entradas	inbox		
la bandeja de enviados	sent box		
la bandeja de enviados	sent box		
la barra de herramientas	tool bar		
la barra de herramientas	tool bar		
la barra de jabón	bar of soap		
la base	base		
la bebida	drink		
la bebida	drink		
la bicicleta	bicycle		
la boca	mouth		
la cabeza	head		
la cafetería	café		
la calle	street		
la cama	bed		
la cámara digital	digital camera		
la cámara digital	digital camera		
la cancha de tenis	tennis court		
la canción	song		
la canción	song		
la cara	face		
la cara	face		
la carne	meat	deck#2	due@2021-10-25 04:56:17
la carne	meat		
la carne	meat		
la carne de res	beef		
la carne de res	beef		
la carpeta	folder		
la carpeta	folder		
la carta	letter		
la carta	menu		
la carta	menu		
la casa	house		
la casa	house		
la casa de cambio	currency exchange office		
la casa de cambio	currency exchange office		
la chequera	checkbook		
la chequera	checkbook		
la chuleta de cerdo	pork chop		
la chuleta de cerdo	pork chop		
la ciudad	city		
la ciudad	city		
la clave de área	area code		
la clave de área	area code		
la cocina	cuisine		
la cocina	kitchen		
la cocina	kitchen		
la cocina	the kitchen		
la comida	food		
la comida	food		
la computadora	computer		
la computadora	computer		
la computadora	computer		
la consulta	doctor's office		
la crema solar	sunscreen		
la cuchara	spoon		
la cuchara	spoon	deck#2	due@2021-10-25 04:59:48
la cucharita	teaspoon		
la cucharita	teaspoon		
la cuenta	bill		
la cuenta	bill		
la cuenta corriente	checking account		
la cuenta corriente	checking account		
la dirección de email	email address		
la dirección de email	email address		
la ensalada	salad		
la ensalada	salad		
la ensalada	salad		
la entrevista	interview		
la escuela	school		
la espalda	back		
la espera	wait		
la esperanza	hope		
la esposa	wife		
la esposa	wife		
la estación de esquí	ski resort		
la factura	bill, invoice		
la factura	bill, invoice		
la familia	the family		
la farmacia	pharmacy		
la fiesta	party		
la flor	the flower		
la frontera	border		
la garganta	throat		
la gemela	female twin		
la guayabera	tropical men's shirt		
la guía telefónica	phone guide		
la guía telefónica	phone guide		
La Habana	Cuba		
La Habana	Cuba		
la hermana	sister		
la hermana	sister		
la hermanastra	stepsister		
la hija	daughter		
la hipoteca	mortgage		
la hipoteca	mortgage		
la hora de salida	departure time		
la huelga	strike		
la impresora	printer		
la impresora	printer		
la invitación	invitation		
la lámpara	lamp		
la langosta	lobster		
la langosta	lobster		
la libreta de direcciones	address book		
la libreta de direcciones	address book		
la limonada	lemonade		
la línea aérea	airline		
la llamada perdida	dropped call		
la llamada perdida	dropped call		
la llegada	arrival		
la madrastra	stepmother		
la madre	mother		
la maletera	the trunk		due@2021-10-24 04:59:38
la mano	hand		
la mano	hand		
la mascota	pet		
la mascota	pet		
la mesa	table		
la mesita	coffee table		
la misa católica	Catholic mass		
la moneda	coin; currency		
la moneda	coin; currency		
la montaña	mountain		
la montaña	mountain		
la montaña	the mountain	deck#2	due@2021-10-25 04:59:42
la mujer	wife		
la nacionalidad	nationality		
la nacionalidad	nationality		
la nieta	granddaughter		
la orden	order		
la página de inicio	home page		
la página de inicio	home page		
la pantalla	screen		
la pantalla	screen		
la pantalla	screen		
la pantalla	screen		
La Paz	Bolivia		
La Paz	Bolivia		
la pelota	ball		
la persona	person		
la persona	person		
la pierna	leg		
la pimienta	pepper		
la pimienta	pepper		
la piscina	the pool		
la pista	the slope		
la playa	beach		
la playa	beach		
la playa	the beach		
la portería	the goal		
la pregunta	question		
la prima	cousin		
la prima	female cousin		
la primavera	spring		
la primera clase	first class		
la propina	tip		
la propina	tip		
la próxima parada	next stop		
la puerta	door		
la ranura	slot		
la ranura	slot		
la raqueta	the racket		
la receta	prescription		
la red	the net		
la rodilla	knee		
la rodilla	knee		
la ropa	clothing		
la rutina diaria	daily routine		
la sal	salt		
la sal	salt		
la sala	living room		
la sala	the living room		
la sala de clase	classroom		
la sala de espera	waiting room		
la segunda clase	second class		
la servilleta	napkin		
la servilleta	napkin	deck#2	due@2021-10-25 04:57:40
la silla	chair		
la sobrina	niece		
la sobrina	niece	deck#2	due@2021-10-25 04:59:40
la sonrisa	smile		
la tableta	tablet		
la tableta	tablet		
la talla	size		
la tarifa	fare		
la tarjeta de crédito	credit card		
la tarjeta de embarque	boarding pass		
la tasa de interés	interest rate		
la tasa de interés	interest rate		
la taza	cup		
la taza	cup		
la tele	TV		
la temperatura	temperature		
la tía	aunt		
la tía	aunt		
la tienda	store		
la tortilería	tortilla stand		
la ventana	window		
la ventana	window		
la ventanilla	ticket window		
la vía	the train track		
landing	el aterrizaje		
lanzar	to launch		
las almejas	clams		
las almejas	clams		
las bebidas	drinks		
las bebidas	drinks		
las carnes	meats	deck#2	due@2021-10-25 05:00:06
las carnes	meats		
las cocinas	cuisines		
las comidas	foods		
las comidas	foods		
las ensaladas	salads		
las ensaladas	salads		
las frutas	fruit		
las judías verdes	green beans		
las legumbres	vegetables		
las manzanas	apples		
las montañas	mountains		
las montañas	mountains		
las naranjas	oranges		
las noticias	news		
las papas	potatoes		
las patatas	potatoes		
las personas	people		
las personas	people		
las revistas	magazines		
las sandalias	sandles		
las zanahorias	carrots		
late	tarde		
lavarse el pelo	to wash the hair		
lavarse la cara	to wash the face		
Le digo	I tell him/her		
Le pregunto	I ask him/her		
Le respondo	I respond to him/her		
Leamos.	Let's read.		
lebanés	Lebanese		
lebanés	Lebanese		
leer	to read		
lejos de	far from		
levantar la mano	to raise your hand		
levantarse	to get up		
Levantémonos.	Let's stand up.		
Lima	Perú		
Lima	Perú		
llamar	to call		
llamar	to call		
llamar	to call		
llamarse	to call oneself		
llegar	to arrive		
lleno de energía	full of energy	deck#2	due@2021-10-25 05:00:20
llevar	to carry, to wear		
llorar	to cry		
Llueve	It rains		
Llueve.	It's raining.		
los anteojos de sol	sun glasses		
los boletos	tickets		
los clientes	customers		
los clientes	customers		
los dedos	fingers		
los dedos de pie	toes		
los dientes	teeth		
los guisantes	peas		
los hijos	children		
los libros	books		
los libros	books		
los libros de bolsillo	paper back books		
los mariscos	seafood		
los mariscos	seafood		due@2021-10-24 04:56:25
los mejillones	mussles		
los mejillones	mussles		
los meseros	waiters		
los meseros	waiters	deck#2	due@2021-10-25 05:00:03
los muebles	furniture		
los padres	parents		
los panes	breads		
los panes	breads		
los pantalones	pants		
los pantalones cortos	shorts		
los parientes	relatives		
los pasajeros	passengers		
los pasajeros	passengers		
los periódicos	newspapers		
los plátanos	bananas		
los platos	dishes		
los platos	dishes		
los restaurante	restaurants		
los restaurante	restaurants		
los suburbios	suburbs		due@2021-10-24 04:57:23
los tomates	tomatoes		
lunes	Monday		
Madrid	España		
Madrid	España		
mal educado	bad mannered		
Malabo	Guinea Ecuatorial		
Malabo	Guinea Ecuatorial		
malo	bad		
Managua	Nicaragua		
Managua	Nicaragua		
mantener	to maintain		
mantenerse en forma	to stay in shape		
marcar el número	to dial the number		
marcar el número	to dial the number		
marroquí	Morrocan		
marroquí	Morrocan		due@2021-10-24 04:57:20
martes	Tuesday		
marzo	March		
más	more		
matar	to kill		
mayo	May		
mayor	older		
mayor	older		
Me acuerdo	I remember		
me caigo	I fall down		
Me despido	I say goodbye		
me duele la cabeza	My head hurts. (I have a headache.)		
Me muero de hambre	I'm dying of hunger		
Me muero de hambre	I'm dying of hunger		
Me pregunto	I wonder		
Me río	I laugh		
Me siento	I sit		
Me sonrío	I smile		
mejor	better		
menor	younger		
menor	younger		
menos	less		
mexicano	Mexican		
mexicano	Mexican		
miércoles	Wednesday		
mirarse en el espejo	to look at oneself in the mirror		
molestar	to bother		
montar la tienda de campaña	to set up the tent		
Montevideo	Uruguay		
Montevideo	Uruguay		
morado	purple		
moreno	dark-haired		
mostrar	to show		
nada	nothing		
nadar	to swim		
naranja	orange		
navegar la red	navigate the web		
navegar la red	navigate the web		
negro	black		
nicaragüense	Nicaraguan		
nicaragüense	Nicaraguan		
Nieva	It snows		
Nieva.	It's snowing.		
No nademos.	Let's not swim.		
no smoking sign	la señal de no fumar		
No vayamos.	Let's not go.		
Nosotros destinguimos	We distinguish		
Nosotros destinguimos	We distinguish		
noviembre	November		
nuevo	new		
nuevo	new		
obtener	to obtain		
obtener	to obtain, get		
octubre	October		
oír	to hear		
oír	to hear		
on time	a tiempo		
one must	hay que		
oprimir	to press		
oprimir	to press		
otra vez	again		
otro	another, other		
overhead compartment	el compartimiento superior		
oxygen mask	la máscara de oxígeno		
pagar a cuotas	to pay in installments		
pagar a cuotas	to pay in installments		
pagar al contado	to pay for something upfront in cash		
pagar al contado	to pay for something upfront in cash		
Paguemos.	Let's pay.		
parar	to stop		
parecer	to seem		
parecerse	to seem		
pasar	to pass, to spend		
pasarlo bien	to have fun		
passport	el pasaporte		
pedir	to ask for		
pedir	to ask for	deck#2	due@2021-10-25 05:00:21
peinarse el pelo	to comb the hair		
peor	worse		
perder	to lose		
perder	to lose		
perder	to lose		
perder	to lose		
perezoso	lazy		
perezoso	lazy		
peruano	Peruvian		
peruano	Peruvian		
pobre	poor		
poder	to be able to		
poder	to be able to		
poder	to be able to		
poner	to put		
poner	to put		
poner	to put		
poner	to put		
poner la mesa	to set the table	deck#2	due@2021-10-25 04:57:43
poner la mesa	to set the table		
ponerse	to put on		
Pongo	I put		
por encima de	on top of		
por fin	finally		
portugués	Portuguese		
portugués	Portuguese		
preferir	to prefer		
prender	to turn on		
prender	to turn on		
preparar	to prepare		
prestar atención	pay attention		
privado	private		
proceeding from	procedente de		
pronto	soon		
proponer	to propose		
proponer	to propose		
proteger	to protect		
proteger	to protect		
Protejo	I protect		
pulsar	to press		
pulsar	to press		
pulsar el botón	to push the button		
pulsar el botón	to push the button		
punto	dot		
punto	dot		
quedarse	to fit		
quedarse	to stay		
quepo	I fit		
quepo	I fit		
querer	to want		
querer	to want		
querer	to want		
quitar la mesa	to clear the table		
quitar la mesa	to clear the table		
quitarse	to take off		
Quito	Ecuador		
Quito	Ecuador		
recibir	to receive		
recoger	to pick up		
recoger	to pick up		
Recojo	I pick up		
recordar	to remember		
regresar	to return		
rehacer	to remake	deck#2	due@2021-10-25 04:59:52
reponer	to replace		
reponer	to replace		
retener	to retain		
revisar los billetes	to check the tickets		
rojo	red		
rubio	blond		
rubio	blond		
runway	la pista		
sábado	Saturday		
saber	to know		
saber	to know		
saber	to know (facts)		
sacar buenas notas	to get good grades		
Salgo	I leave		
salida	departure		
salir	to leave, go out		
salir	to leave, go out		
salir	to leave, to go out		
salir a tiempo	to leave on time		
salir con retraso	to leave with a delay		
salir tarde	to leave late		
salvadoreño	Salvadoran		
salvadoreño	Salvadoran		
San José	Costa Rica		
San José	Costa Rica		
San Juan	Puerto Rico		
San Juan	Puerto Rico		
San Salvador	El Salvador		
San Salvador	El Salvador		
Santiago	Chile		
Santiago	Chile		
Santo Domingo	República Dominicana		
Santo Domingo	República Dominicana		
saudí	Saudi		
saudí	Saudi		
sé	I know		
sé	I know		
Se nos cortó la línea.	We've been cut off.		
Se nos cortó la línea.	We've been cut off.		
seat	el asiento		
seat belt	el cinturón de seguridad		
seleccionar	to select		
sentarse	to sit down		
Sentémonos.	Let's sit down.		
sentir	to be sorry		
septiembre	September		
ser	to be		
servir	to serve		
servir	to serve		
Sigamos.	Let's continue.		
sin	without		
sonar	to ring		
sonar	to ring		
sonar (o:ue)	to ring		
sostener	to sustain		
subir	to go up		
subir	to go up		
subir al tren	to get on the train		
Sueño	I dream		
suponer	to suppose		
suponer	to suppose		
take off	el despegue		
Tegucigalpa	Honduras		
Tegucigalpa	Honduras		
tendrá	he/she/ you will have		
tendrán	they will have		
tendrás	you will have		
tendré	I will have		
tendréis	you all will have (vosotros)		
tendremos	we will have		
tendría	he/she/you would have		
tendría	I would have		
tendríais	you all would have (vosotros)		
tendríamos	we would have		
tendrían	they/you all would have		
tendrías	you would have		
tener	to have		
tener	to have		
tener	to have		
tener calor	to be hot		
tener fiebre	to have a fever		
tener frío	to be cold		
tener miedo	to be afraid (have fear)	deck#2	due@2021-10-25 04:59:55
terco	stubborn		
tirar	to shoot		
to board	abordar		
to board	embarcar		
to land	aterrizar		
to line up	hacer cola		
to pass through security	pasar por el control de seguridad		
to show	mostrar		
to take off	despegar		
to wait	esperar		
to where?	¿adónde?		
todavía	still		
tomar	to take		
tomar el sol	to sunbathe		
tomar una ducha	to take a shower		
torcer	to twist		
torcer	to twist		
trabajador	hardworking		
trabajar	to work		
traer	to bring		
traer	to bring		
traer	to bring		
Traigo	I bring		
transbordar	to change trains		
triste	sad		
Truena	It thunders		
Truena.	It's thundering.		
Tú distingues	You distinguish		
Tú distingues	You distinguish		
un par de zapatos	pair of shoes		
un sitio Web	web site		
un sitio Web	web site		
un viaje internacional	international trip		
un vuelo internacional	international flight		
un vuelo nacional	domestic flight		
una blusa	blouse		
una camisa de manga larga	long-sleeved shirt	deck#2	due@2021-10-25 04:57:29
una camiseta	t-shirt		
una chaqueta	jacket		
una copia dura	hard copy		
una copia dura	hard copy		
una falda	skirt		
una forma de identidad	form of identity		
una liquidación	sale		
una llamada	call		
una milla	mile		
una novela	novel		
una senda	trail		due@2021-10-24 04:59:46
usar	to use		
valer	to be worth		
valer	to be worth		
Valgo	I am worth		
Vámonos.	Let's leave.		
Vamos.	Let' go.		
vencer	to overcome		
vencer	to overcome		
vender	to sell		
venezolano	Venezuelan		
venezolano	Venezuelan		
venir	to come		
venir	to come		
veo	I see		
veo	I see		
ver	to see		
ver	to see		
ver	to see		
verde	green		
vestirse	to dress oneself		
viejo	old	deck#2	due@2021-10-25 04:57:17
viernes	Friday		
vivir	to live		
volver	to return		
volver	to return		
Vosotros destinguís	You all distinguish		
what?	¿qué?		
where from?	¿de dónde?		
where?	¿dónde?		
who?	¿quién?		
why?	¿por qué?		
window	la ventanilla		
with destination of	con destino a		
yo agradezco	I thank		
Yo distingo	I distinguish		
Yo distingo	I distinguish		
Yo doy de comer al perro	I give food to the dog		
Yo elijo	I choose		
yo empiezo/comienzo	I begin		
yo hago la tarea	I do my homework		
Yo huelo con mi nariz	I smell with my nose		
yo miento	I lie		
Yo muestro una bufanda a ella	I show a scarf to her		due@2021-10-24 04:56:38
Yo pierdo mis llaves	I lose		
yo pongo la mesa	I put the table (I set the table)		
yo salgo	I leave		
yo sigo	I follow		
yo traduzco (traducir)	I translate		
yo traigo (traer)	I bring		
Yo tuerzo	I twist		
Yo venzo	I overcome		
Yo veo la película.	I see a movie		
#--decks immediate,daily,weekly,monthly,quarterly,yearly
#--intervals 0,1440,10080,43200,129600,518400
#--columns column#1,column#2
#--showcolumns column#1
#--showcolumns column#2
