die mpel	traffic light
angeln	to go fishing
auf dem Lande	in the country
Der Aufzug	lift
die Bauer/ der Bäuerin	farmer
Bauernhof (m)	farm
Baum (m)	tree
befinden (sich)	to be, to be located, to be situated, to be found
Berg (m)	mountain
Bibliothek (f)	library
Blume (f)	flower
Brücke (f)	bridge
Brunnen (m)	fountain, well
Burg (f)	castle
Dorf (n)	village
Einwohner (m)	inhabitant
Ente (f)	duck
Etage (f)	floor, storey
Fahrstuhl (m)	lift
Fluss (m)	river
Freibad (n)	open-air swimming pool
Fuß (m)	foot
Fußgänger (m)	pedestrian
Fußgängerzone (f)	pedestrian precinct
Galerie (f)	gallery
Gasthaus (n)	inn
Gebäude (n)	building
Gegend (f)	area
Geschäft (n)	shop, business
Gras (n)	grass
Hafen (m)	port, harbour
Hallenbad (n)	indoor swimming pool
historisch	historic(al)
Hobby (n)	hobby, pastime
Hügel (m)	hill
Hühnchen (n)	chicken, hen
im Ausland	abroad
industriell	industrial
Katze (f)	cat
Kreuzung (f)	crossroads
Kuh (f)	cow
Laden (m)	shop
Land (n)	country, countryside, land
Landschaft (f)	landscape, scenery, countryside
langsam	slow(ly)
langweilig	boring
leise	quiet
lieben	to love
Lift (m)	lift
malerisch	picturesque
Marktplatz (m)	market square
Mücke (f)	midge, mosquito, gnat
Museum (n)	museum
Ort (m)	place
Palast (m)	palace
Park (m)	park
Parkplatz (m)	car park
Pferd (n)	horse
Plakat (n)	poster
Platz (m)	square, space
Polizei (f)	police
Polizeiwache (f)	police station
Poster (n)	poster
Rathaus (n)	town hall
Region (f)	region
ruhig	quiet, peaceful
Schaf (n)	sheep
Schloss (n)	castle
schön	beautiful, lovely, handsome
Schwein (n)	pig
Schwimmbad (n)	swimming pool
See (m)	lake
Sehenswürdigkeit (f)	sight, place of interest
Sportzentrum (n)	sports centre
Stadion (n)	stadium
Stadt (f)	town
Stadtmitte (f)	town centre
Stadtteil (m)	part of town, district
Stock (m)	floor, storey
Stockwerk (n)	floor, storey
Straße (f)	road, street
Turm (m)	tower
U-Bahn (f)	underground, tube
Verkehr (m)	traffic
Verkehrsampel (f)	traffic light
Viertel (n)	district, quarter
Vorort (m)	suburb
Vorstadt (f)	suburb(s)
weit	far
wohnen	to live
Zeitungskiosk (m)	newspaper kiosk/stand
zu Fuß	on foot
bedeckt	overcast
bewölkt	cloudy
Donner (m)	thunder
donnern	to thunder
Eis (n)	ice
Grad (m)	degree
gut	good
heiß	hot
Himmel (m)	sky
Hitze (f)	heat
Jahreszeit (f)	season
kalt	cold
Kälte (f)	cold
Klima (n)	climate
Mantel (m)	coat
Nebel (m)	fog
nebelig	foggy
Nord (m)	north
Ost (m)	east
Regen (m)	rain
Regenmantel (m)	raincoat
Regenschauer (m)	shower
Regenschirm (m)	umbrella
regnen	to rain
schlecht	bad
Schnee (m)	snow
schneien	to snow
Sonne (f)	sun
sonnig	sunny
stark	strong
Stern (m)	star
Sturm (m)	storm
Süd (m)	south
Temperatur (f)	temperature
warm	warm
wechseln	to change
West (m)	west
Wetter (n)	weather
Wetterbericht (m)	weather report
Wettervorhersage (f)	weather forecast
Wind (m)	wind
windig	windy
Wolke (f)	cloud
wolkig	cloudy
abbiegen	to turn (off)
Abfahrt (f)	departure
abfliegen	to depart (by plane)
Abflug (m)	departure (by plane)
Abreise (f)	departure
abreisen	to depart
ankommen	to arrive
Ankunft (f)	arrival
Ausfahrt (f)	exit
Ausgang (m)	way out, exit
Ausland (n)	foreign countries, abroad
aussteigen	to get off, to alight
Ausweis (m)	identity card
Auto (n)	car
Autobahn (f)	motorway
Bahn (f)	train, railway
Bahnhof (m)	(railway) station
Bahnsteig (m)	platform
Benzin (n)	petrol
bleifrei	lead free, unleaded
Boot (n)	boat
Bundesstraße (f)	'A' road
Bus (m)	bus
Busbahnhof (m)	bus station
Busfahrer/in (m/f)	bus driver
direkt	direct
durchfahren	to travel straight through
Ecke (f)	corner
Einbahnstraße (f)	one-way street
einfach	single
einsteigen	to get on
Einzelfahrkarte (f)	single ticket
Eisenbahn (f)	train, railway
Eurotunnel (m)	Channel Tunnel
Fähre (f)	ferry
fahren	to go, to travel, to drive
Fahrer/in (m)/(f)	driver
Fahrkarte (f)	ticket
Fahrrad (n)	bicycle
Fahrt (f)	journey
fliegen	to fly
Flughafen (m)	airport
Flugzeug (n)	plane
Führerschein (m)	driving licence
Fundbüro (n)	lost property office
Fußgänger (m)	pedestrian
gegen	against, towards
gegenüber	opposite
gehen	to go, to walk
Gepäck (n)	luggage
Gepäckaufbewahrung (f)	left-luggage office
Gepäckschließfach (n)	left-luggage locker
geradeaus	straight on
Geschwindigkeit (f)	speed
Gleis (n)	track, platform
Grenze (f)	border
gute Reise	safe journey
halten	to stop
Haltestelle (f)	stop
Heimfahrt (f)	journey home
hin und zurück	return, there and back
im Ausland	abroad
in der Nähe von	close to
kehren	to turn, to sweep
kaputt	broken
Karte (f)	ticket
Kilometer (m)	kilometre
Kofferraum (m)	boot (of car)
Kontrolleur (m)	inspector
kontrollieren	to check
Kreisverkehr (m)	roundabout
Kreuzung (f)	crossroads
landen	to land
Landstraße (f)	main arterial road
links	(on the) left
LKW (m)	lorry, truck
Luftkissenboot (n)	hovercraft
Maschine (f)	plane
Meter (m)	metre
Mofa (n)	moped
Motor (n)	engine
Motorrad (n)	motorbike
nächst	next
in der Nähe von	near
öffentlich	public
Panne (f)	breakdown, puncture
parken	to park
per Anhalter fahren	to hitchhike
Rad (n)	wheel, bike
rechts	(on the) right
Reifen (m)	tyre
Reise (f)	journey
reisen	to travel
Rückfahrkarte (f)	return ticket
Schalter (m)	ticket counter, ticket office
Schiff (n)	ship
schnell	quick(ly), fast
Sicherheit (f)	safety
spazieren	to walk
starten	to take off
Stau (m)	traffic jam
Straßenbahn (f)	tram
Tankstelle (f)	petrol station, service station
Taxi (n)	taxi
Tür (f)	door
U-Bahn (f)	underground, tube
überholen	to overtake
überqueren	to cross
umsteigen	to change
Unfall (m)	accident
Verkehr (m)	traffic
Verkehrsmittel (n)	means of transport
verpassen	to miss (train, bus)
verspätet	delayed
Verspätung (f)	delay
volltanken	to fill up (with fuel)
Vorfahrt (f)	right of way, priority
Wagen (m)	car
Warteraum (m)	waiting room
Wartesaal (m)	waiting room
weiterfahren	to continue, drive on
wenden	to turn
wie komme ich...?	How do I get (to ...)?
Zoll (m)	customs
Zug (m)	train
abschicken	to send, to post
Aktivität (f)	activity
Ansichtskarte (f)	picture postcard
Aufenthalt (m)	stay
aufschlagen	to pitch (tent), to open
ausgebucht	booked up, fully booked
auspacken	to unpack
Aussicht (f)	view
baden	to swim (in the sea)
Balkon (m)	balcony
begrüßen	to welcome, greet
beschreiben	to describe
besetzt	occupied, taken, full
besichtigen	to visit, to look at, to look round
besuchen	to visit
bleiben	to stay
Blick (m) (auf)	view (of)
Broschüre (f)	brochure
buchen	to book
Camcorder (m)	camcorder
Campingplatz (m)	camp site
Doppelbett (n)	double bed
Dusche (f)	shower
einpacken	to wrap, pack
einschließlich	including, inclusive
Empfang (m)	reception
Ferien (pl)	holidays
Fotoapparat (m)	camera
Formular (n)	form
frei	free, vacant, unoccupied
fünfzehn Tage	a fortnight
Gebühr (f)	charge, fee
Halbpension (f)	half-board
im voraus	in advance
inklusive	inclusive
Jugendherberge (f)	youth hostel
Kamera (f)	camera
kennen lernen	to get to know, to meet
Klimatisierung (f) (OR Aircondition)	
	air conditioning
Koffer (m)	suitcase
kosten	to cost
Küste	coast, seaside
Land (n)	country, countryside, land
Miete (f)	rent
mieten	to rent, to hire
Pass (m)	passport
Pension (f)	guest house
Person (f)	person
Postkarte (f)	postcard
Preis (m)	price
Reisende (m/f)	traveller
Reiseleiter/in (m/f)	tourist guide
reservieren	to reserve
Sand (m)	sand
Sandburg (f)	sand castle
schicken	to send
Schlafsack (m)	sleeping bag
schwimmen	to swim
schwimmen gehen	to go swimming
See (f)	sea
sehen	to see
sich sonnen	to sunbathe
Sommer (m)	summer
Sonnenbrille (f)	sunglasses
Sonnencreme (f)	sun cream
Stadtplan (m)	street map
Strand (m)	beach
Taschenlampe (f)	torch
Tourist/in (m/f)	tourist
Touristenbüro (n)	tourist office
treffen	to meet (by prior arrangement)
(un)trinkbar	(not) drinkable
übernachten	to spend the night, stay
Unterkunft (f)	accommodation
Urlaub (m)	holiday
verbringen	to spend (time)
vergessen	to forget
Verkehrsamt (n)	tourist office
verlassen	to leave (a place)
Vollpension (f)	full board
Wasserski (m)	waterskiing
Wechsel (m)	change
wechseln	to change
willkommen heißen	to welcome
Windsurfbrett (n)	windsurfing board
Zeitraum (m)	period (of time)
Zelt (n)	tent
abschicken	to send, to post
anrufen	to ring, to phone, to give a call
arbeiten	to work
ausfüllen	to complete, to fill in
Auskunft (f)	information
Briefmarke (f)	postage stamp
bekommen	to receive, to get
Bibliothek (f)	library
bitte	please
Bleiben Sie bitte am Apparat	please hold the line, please stay on the line
Briefkasten (m)	letter box
Briefträger(in) (m/f)	postman/postwoman
Call-Center (n)	call centre
danke schön	thanks very much
danken	to thank
Dieb/in (m/f)	thief
Deutsche Post (f)	German postal service
es tut mir leid	I'm sorry
Fehler (m)	mistake
Feuerwehrmann/Feuerwehrfrau (m/f)	firefighter
finden	to find
Fehler (m)	fault
Friseur/Friseuse (m/f)	hairdresser
füllen	to fill
Fundbüro (n)	lost property office
Geld (n)	money
Informationen (pl)	information
Informationsbüro (n)	information
office	Buro
Klempner(in) (m/f)	plumber
Nachname (m)	family name
Notanruf (m)	emergency call
Polizist(in) (m/f)	police officer
Polizeiwache (f)	police station
Postamt (n)	post office
reparieren	to repair
schicken	to send
schneiden	to cut
Tasche (f)	bag
Telefonzelle (f)	telephone box
treffen	to meet up
vergessen	to forget, to leave behind
verlieren	to lose
Verlust (m)	loss
Vorname (m)	first name
wählen	to dial
Wechselstube (f)	bureau de change
wollen	to want to, to wish to
wünschen	to wish
alles Gute	all the best
aufmachen	to open
brennen	to burn
Dom (m)	cathedral
ein glückliches neues Jahr	Happy New Year
feiern	to celebrate
Fest (n)	celebration, festivity
Feuerwerk (n)	fireworks
frohe/fröhliche Weihnachten	Merry Christmas
geboren	born
Geburt (f)	birth
Geburtstag (m)	birthday
Geschenk (n)	present, gift
Geschenke austauschen	to exchange gifts
Glückwunschkarte (f)	greetings card
Gott/Göttin (m/f)	G(g)od, goddess
Karneval (m)	carnival
Kathedrale (f)	cathedral
Kerze (f)	candle
Kirche (f)	church
Lagerfeuer (n)	bonfire
Licht (n)	light
Moschee (f)	mosque
Muttertag/Vatertag (m)	Mother's Day, Father's Day
Neujahr (n)	New Year, New Year's Day
Neujahrstag (m)	new year's day
öffnen	to open
Ostern (n)	Easter
Sekt (m)	champagne
Silvester (m)	New Year's Eve
Silvester feiern	to celebrate New Year
Spaß haben	to have fun
sterben	to die
Streichholz (n)	match
Tod (m)	death
Valentinstag (m)	Valentine's Day
Vorbereitungen (pl)	preparations
Weihnachten (n)	Christmas
Weihnachtsbaum (m)	Christmas tree
Weihnachtsmann (m)	Father Christmas
aufwachsen	to grow up
ausschimpfen	to tell off
Baby (n)	baby
bevorzugen	to prefer
Erwachsene (m/f)	grown-up
erzählen	to tell (a story)
gefallen	to like, to please
gern (haben)	to like
hassen	to hate
Jugendliche (m/f)	young person
jung	young
Kind (n)	child
Kindheit (f)	childhood
klettern	to climb
laufen	to run
lieben	to love
lieber (haben)	to prefer
mögen	to like
Puppe (f)	doll
schlafen	to sleep
Spiel (n)	game
Spielzeug (n)	toy
springen	to jump
vorziehen	to prefer
weinen	to cry
wiederholen	to repeat
Abitur (n)	equivalent to GCE A levels
Abschlussprüfung (f)	final exam
abschreiben	to copy
abwählen	to drop (a subject)
anfangen	to begin, start
Arbeitspraktikum (n)	work experience
Aula (f)	hall
Aussprache (f)	pronunciation
Austausch (m)	exchange
baden	to bathe
Beamer (m)	data projector
Beispiel (n)	example
besprechen	to discuss, debate
Berufsberater/in (m/f)	careers adviser
Berufspraktikum (n)	work experience
Bibliothek (f)	library
Bild (n)	picture
Bildschirm (m)	screen
Bildung (f)	education
Biologie (f)	biology
Blatt (n)	sheet (of paper)
Bleistift (m)	pencil
Bluse (f)	blouse
Buch (n)	book
Büro (n)	office
Chemie (f)	chemistry
Computer (m)	computer
dauern	to last
Deutsch (n)	German
Direktor/in (m/f)	headmaster/headmistress, principal, head teacher
einfach	easy, simple
enden	to end, finish
Englisch (n)	English
Erdkunde (f)	geography
erfahren	to experience, to learn of
erklären	to explain
Erziehung (f)	education
essen	to eat
Fach (n)	subject
falsch	incorrect, false
Fehler (m)	mistake
Fortschritt (m)	progress, improvement
fragen	to ask
Französisch (n)	French
language assistant	Fremdsprachenassistent/in (m/f)
Gebäude (n)	building
Geschichte (f)	history
gestreift	striped
Grundschule (f)	primary school
Grundschullehrer/in (m/f)	primary school teacher
Gymnasium (n)	grammar school
Hauptschule (f)	secondary school
Hausaufgabe (f)	homework
Heft (n)	exercise book
Hemd (n)	shirt
hitzefrei	(rest of) day off because of excessively hot weather
Hof (m)	playground
Hose (f)	trousers
Informatik (f)	computer science
interaktives Whiteboard (n)	interactive whiteboard
interessant	interesting
Italienisch	Italian
Kindergarten (m)	nursery school
Klassenarbeit (f)	class test
Klassenzimmer (n)	classroom
Kleid (n)	dress
klingeln	to ring
headphones	Kopfhörer (m)
korrigieren	to correct
Krawatte (f)	tie
Kugelschreiber (m)	ballpoint pen
Kuli (m)	ballpoint pen
Kunst (f)	art
Labor (n)	laboratory
langweilig	boring
Lehrer/in (m/f)	teacher
Lehrerzimmer (n)	staff room
leicht	easy
lernen	to learn
Lieblingsfach (n)	favourite subject
Lineal (n)	ruler
Mappe (f)	briefcase, folder, file
Mathe (f)	maths
Mittagessen (n)	lunch, mid-day meal
Mittagspause (f)	lunch break
Mittlere Reife (f)	equivalent to GCSEs
modern	modern
mündlich	oral
Musik (f)	music
Musiksaal (m)	music room
nachsitzen	to have a detention
Naturwissenschaften (pl)	sciences, science subjects
Note (f)	mark, grade
nützlich	useful
Oberstufe (f)	last/final year of school/Sixth For
Overhead-Projektor (m)	overhead projector
Papier (n)	paper
Pause (f)	break, playtime, recreation
Pflichtfach (n)	compulsory subject
Physik (f)	physics
Plan (m)	plan
plaudern	to chat
Prüfung (f)	exam
Psychologie (f)	psychology
pünktlich	on time
Qualifikation (f)	qualification
qualifiziert	qualified
Radiergummi (n)	rubber
Realschule (f)	equivalent to secondary school
Rechner (m)	calculator
Regel (f)	rule, regulation
Religion (f)	religious education, religion
richtig	right, correct
Rock (m)	skirt
Rucksack (m)	backpack
Schlips (m)	tie
schriftlich	written, in writing
Schuh (m)	shoe
Schulanfang (m)	beginning of term
Schule (f)	school
Schüler/in (m/f)	pupil
schulfrei	no school
Schulhof (m)	playground
Schultag (m)	school day
schwach	weak
schwer	heavy, hard (difficult)
schwierig	difficult, hard
Semester (n)	semester
setzen (sich)	to sit down
Shorts (pl)	shorts
sitzen	to sit, to be sitting
sitzen bleiben	to stay down a year
Socke (f)	sock
Sommerferien (pl)	summer holidays
Sozialkunde (f)	social studies
spät	late
Spanisch (n)	Spanish
Speisesaal (m)	dining room
Spitzer (m)	sharpener
Sport (m)	sport
Sprache (f)	language
sprechen	to speak
Staatsangehörigkeit	nationality, citizenship
stellen	to ask (a question)
Stift (m)	pen
stimmen	to vote, to be correct
streng	strict
Strumpfhose (f)	tights
Stundenplan (m)	timetable
Student/in (m/f)	student
studieren	to study
Studium (n)	study, studies
Stunde (f)	lesson
Stundenplan (m)	timetable
Tafel (f)	board
Tasche (f)	bag, pocket
Taschenrechner (m)	pocket calculator
Teil (m)	part
Tennisplatz (m)	tennis court
Textbuch (n)	text book
Trainingsanzug (m)	tracksuit
trinken	to drink
Turnen (n)	PE
Turnhalle (f)	gym
üben	to practise
Umkleideraum (m)	changing room
umziehen (sich)	to change (clothes)
Unterricht (m)	lesson
verbessern	to improve, to correct
verlieren	to lose
Wort (n)	word
Wörterbuch (n)	dictionary
zeichnen	to draw
Zeugnis (n)	report
zu Ende gehen	to come to an end
Angestellte(r) (f/m)	employee
Anrufbeantworter (m)	answerphone, voicemail
anrufen	to call (on the phone)
Arbeit (f)	work
arbeiten	to work
Arbeiternehmer/in (m/f)	employee, worker
Arbeitgeber/in (m/f)	employer
arbeitslos	unemployed
Arbeitslosigkeit (f)	unemployment
Arzt/Ärztin (m/f)	doctor
Ausbildung (f)	apprenticeship
Auszubildende(r) (f/m)	trainee
Bäcker/in (m/f)	baker
Beamte/Beamtin (m/f)	civil servant, official
bearbeiten	to work on
Beruf (m)	occupation, profession
Berufsberater/in (m/f)	careers adviser
bewerben (sich)	to apply
bewerben für (sich)	to apply for
Bewerbung (f)	application
bezahlen	to pay
Briefträger/in (m/f)	postman/postwoman
Buchhalter/in (m/f)	accountant
Büro (n)	office
Chef/in (m/f)	boss, manager
drucken	to print
Elektriker/in (m/f)	electrician
erfahren	experienced
Fabrik (f)	factory
Ferienjob (m)	holiday job
Firma (f)	firm, company
Formular (n)	form
Friseur/Friseuse (m/f)	hairdresser
Gehalt (n)	salary
Geschäftsmann/frau (m/f)	businessman/woman
Gesellschaft (f)	company
gut bezahlt	well paid
Grad (m)	degree
Informatiker/in (m/f)	computer specialist, IT expert
Ingenieur/in (m/f)	engineer
Journalist/in (m/f)	journalist
Kasse (f)	till, cash desk, checkout
Kassierer/in (m/f)	cashier
Kauffrau (f)	businesswoman
Kaufmann (m)	businessman
Kellner/in (m/f)	waiter/waitress
Kindergarten (m)	nursery
Klempner/in (m/f)	plumber
Koch/Köchin (m/f)	cook, chef
Kunde/Kundin (m/f)	customer
Lehre (f)	apprenticeship
Lehrer/in (m/f)	teacher
Lehrling (m)	apprentice
Lohn (m)	wage(s), pay
Luftsteward/ess (m/f)	air steward/air stewardess
Maurer/in (m/f)	bricklayer, mason, builder
Mechaniker/in (m/f)	mechanic
Model (n)	model
Moderator/in (m/f)	presenter
Pilot/in (m/f)	pilot
Polizist/in (m/f)	policeman/policewoman
qualifiziert	qualified
Schauspieler/in (m/f)	actor/actress
schlecht bezahlt	poorly paid
sortieren	to sort
Sportler/in (m/f)	sportsman/sportswoman
Stelle (f)	job, post, position
Stellenanzeige (f)	job advertisement
Steward(ess) (m/f)	flight attendant
Taxifahrer/in (m/f)	taxi driver
Telefonat (n)	telephone call
telefonieren	to telephone
Termin (m)	appointment
tippen	to type
verdienen	to earn
Verabredung (f)	appointment
Verkäufer/in (m/f)	sales, shop assistant
wählen	to choose
Werbung (f)	advertisement, advertising
Zahnarzt/Zahnärztin (m/f)	dentist
zu den Akten legen	to file away
alt	old
anfangen	to begin, start
beschließen	to decide
brauchen	to need
Diplom (n)	diploma
erlauben	to allow
gebrauchen	to use, to need
hoffen	to hope
Interview (n)	interview
Jura (pl)	law (as a subject)
Karriere (f)	career
qualifiziert	qualified
Student/in (m/f)	student
suchen	to look for
Universität (f)	university
vorhaben	to intend to
Vorstellungsgespräch (n)	interview
wissen	to know
Zukunft (f)	future
angenehm	pleasant
Bad (n)	bath
Badewanne (f)	bath tub
Badezimmer (n)	bathroom
Bauernhof (m)	farm
Bett (n)	bed
bequem	comfortable
Boden (m)	floor
Bratpfanne (f)	frying pan
Büro (n)	office
Dach (n)	roof
Decke (f)	ceiling, blanket
Dosenöffner (m)	tin opener
duschen	to shower
Einfamilienhaus (n)	detached house
Erdgeschoss (n)	ground floor
Esszimmer (n)	dining room
Fenster (n)	window
Flaschenöffner (m)	bottle opener
Flur (m)	hall, hallway
Fußboden (m)	floor
Gardine (f)	net curtain
Garten (m)	garden
Gas (n)	gas
Gefrierschrank (m)	freezer
Geschirrspülmaschine (f)	dishwasher
Glas (n)	glass
Hahn (m)	tap
Haus (n)	house
Herd (m)	cooker
im ersten Stock	on the first floor
Keller (m)	cellar
Klo (n)	loo
Küche (f)	kitchen
Kühlschrank (m)	fridge
leben	to live
Licht (n)	light
Mauer (f)	wall (outside, external)
Messer (n)	knife
Mikrowelle (f)	microwave
Mikrowellenherd (m)	microwave oven
Möbel (pl)	furniture
Möbelstück (n)	piece of furniture
Pflanze (f)	plant
Rasen (m)	lawn
Schlafzimmer (n)	bedroom
Schlüssel (m)	key
Sessel (m)	armchair, easy chair
Sofa (n)	sofa, settee
Spülmaschine (f)	dishwasher
Stereoanlage (f)	stereo system
Stock (m)	floor, storey
Stuhl (m)	chair
Tasse (f)	cup
Teppichboden (m)	fitted carpet, wall-to-wall carpeting
Teppich (m)	carpet
Terrasse (f)	patio, terrace
Tiefkühltruhe (f)	freezer
Toilette (f)	toilet
Treppe (f)	stairs
Tür (f)	door
Vorhang (m)	curtain
Wand (f)	wall (internal, inside)
Waschbecken (n)	washbasin
Waschmaschine (f)	washing machine
Wasserhahn (m)	tap
wohnen	to live
Wohnung (f)	flat
Wohnzimmer (n)	sitting room, living room
Zimmer (n)	room
adoptiert	adopted
Adresse (f)	address
alt, älter, ältest	old, older, oldest
angenehm	pleasant, nice, kind
anstrengend	tiring
Baby (n)	baby
Bart (m)	beard
blau	blue
blond	blonde
braun	brown
Brille (f)	glasses, spectacles
Bruder (m)	brother
Cousin/e (m/f)	cousin
dumm	stupid
dünn	thin
ehrlich	honest, decent, fair
Einzelkind (n)	only child
einzig	only
Eltern (pl)	parents
Familie (f)	family
Familienname (m)	surname
faul	lazy
faulenzen	to laze about
Frau (f)	woman, wife
Freund/in (m/f)	friend
freundlich	friendly, kind, nice
Freundschaft (f)	friendship
geboren	born
geboren sein	to be born
geschieden	divorced
geschwätzig	chatty, talkative
Glatze (f)	bald head
glücklich	happy, pleased, glad
Goldfisch (m)	goldfish
groß	tall, big
Großmutter (f)	grandmother
Großvater (m)	grandfather
großzügig	generous
Haar/e (n/pl)	hair
Halbbruder (m)	half-brother
Halbschwester (f)	half-sister
hässlich	ugly
Hausfrau (f)	housewife
Haustier (n)	pet
heiraten	to marry
höflich	polite
hübsch	pretty
Hund (m)	dog
Junge (m)	boy
jünger	younger
kennen lernen	to meet (become acquainted with)
Kaninchen (n)	rabbit
Katze (f)	cat
kennen	to know (a person)
Kind (n)	child
klein	small, short (person)
klug	clever
lachen	to laugh
lang	long
ledig	single, unmarried
lieben	to love
lockig	curly
Mädchen (n)	girl
Mann (m)	man, husband
Maus (f)	mouse
Meerschweinchen (n)	guinea pig
müde	tired
Müdigkeit	tiredness
Mund (m)	mouth
Mutter (f)	mother
Mutti (f)	mum
Nachbar/in (m/f)	neighbour
Nachname (m)	surname
Name (m)	name
Neffe (m)	nephew
Nichte (f)	niece
Oma (f)	grandma
Onkel (m)	uncle
Opa (m)	granddad
Schildkröte (f)	tortoise
schlank	slim
Schwester (f)	sister
schüchtern	shy
selbstsicher	self-confident
selbstsüchtig	selfish
Sohn (m)	son
sportlich	sporty
Staatsangehörigkeit (f)	nationality
Stimme (f)	voice
süß	sweet
sympathisch	nice
Tante (f)	aunt
teilen	to share
Tochter (f)	daughter
toll	mad, crazy
tot	dead
traurig	sad
treffen	to meet
unartig	naughty
unhöflich	rude, impolite
Vater (m)	father
Vati (m)	dad
verheiratet	married
verliebt sein	to be in love
verlieren	to lose
Verwandte (pl)	relatives
Verwandtschaft (f)	relations, relatives
verwöhnt	spoilt
Vorname (m)	first name
wissen	to know
Zwilling (m)	twin
Abfall (m)	rubbish
abspülen	to wash up
abwaschen	to wash up
Anhänger (m)	pendant (jewellery)
anziehen (sich)	to get dressed
arbeiten	to work
Armbanduhr (f)	wristwatch
aufräumen	to tidy up
aufstehen	to get up
aufwachen	to wake up
ausgehen	to go out
ausmachen	to switch off, to turn off
Baumwolle (f)	cotton
bedienen	to serve
Bettdecke (f)	blanket, duvet
Bettlaken (n)	sheet
Blume (f)	flower
Brille (f)	glasses, spectacles
bügeln	to iron
bürsten	to brush
das Bett frisch beziehen	to change the bed
das Bett machen	to make the bed
Decke (f)	blanket
decken	to set /lay (the table), to cover
die Zähne putzen (sich)	to clean one's teeth
Dosenöffner (m)	can opener
Durst haben	to be thirsty
duschen (sich)	to shower
eingießen	to pour (in)
Einkäufe machen	to do one's shopping
einkaufen gehen	to go shopping
ein Paar (n)	a couple, a pair
Flaschenöffner (m)	bottle opener
früh	early
frühstücken	to have breakfast
Gabel (f)	fork
Geschirrspüler (m)	dishwasher
Gesicht (n)	face
Glas (n)	glass
Gürtel (m)	belt
Haarbürste (f)	hairbrush
Handschuh (m)	glove
Handtasche (f)	handbag
helfen	to help
Hose (f)	pair of trousers
Hunger haben	to be hungry
ins Bett gehen	to go to bed
Jacke (f)	jacket
Jeans (pl)	jeans
Kaffeemaschine (f)	coffee maker
Kleidungsstück (n)	garment, article of clothing
kochen	to cook
Kochtopf (m)	saucepan
Kopfkissen (n)	pillow
leeren	to empty
Lippenstift (m)	lipstick
Löffel (m)	spoon
manchmal	sometimes
Messer (n)	knife
mir ist kalt	I am cold
mir ist warm	I am warm/hot
montags, dienstags etc	on Mondays, on Tuesdays etc
morgens	in the mornings
Müll (m)	rubbish, refuse
Mülleimer (m)	dustbin
nach Hause gehen	to go home
nach oben gehen	to go upstairs
nach unten gehen	to go downstairs
nachmittags	in the afternoons
oft	often
Ohrringe (pl)	earrings
Pulli (m)	sweater, pullover
Pullover (m)	sweater, pullover
putzen	to clean (teeth etc)
rasieren (sich)	to shave
Regal (n)	shelf, shelving
Ring (m)	ring (jewellery)
Sakko (n or m)	jacket
sauber machen	to clean
Schlafanzug (m)	pyjamas
Schlüsselbund (m)	key ring
Schminke (f)	makeup
Schüssel (f)	bowl
schneiden	to cut
Schrank (m)	cupboard
Schublade (f)	drawer
seiden	made of silk
Seife (f)	soap
selten	rare(ly)
Shampoo (n)	shampoo
spät	late
Spaß haben	to have fun
Spaß (machen)	to be fun
Spülbecken (n)	kitchen sink
Staub saugen	to vacuum
Staubsauger (m)	vacuum cleaner
Strumpfhose (f)	tights
Sweatshirt (n)	sweatshirt
T-Shirt (n)	T-shirt
Tasse (f)	cup
Teller (m)	plate
Tischdecke (f)	tablecloth
Topf (m)	saucepan, pot
Trainingsanzug (m)	tracksuit
auf etwas vorbereiten (sich)	to get ready for
Uhr (f)	watch, clock
waschen (sich)	to wash
wecken	to wake (someone)
Wecker (m)	alarm clock
Zahnbürste (f)	toothbrush
zu Hause	at home
Abendessen (n)	evening meal, supper
Aufschnitt (m)	assorted sliced cold meats
Ananas (f)	pineapple
Apfel (m)	apple
Apfelsine (f)	orange
Apfelwein (m)	cider
Aprikose (f)	apricot
Banane (f)	banana
bedienen	to serve
besser	better
Bier (n)	beer
Bier vom Fass	draft beer
Blumenkohl (m)	cauliflower
Blutwurst (f)	black pudding
Bonbon (m)	sweet
Bratkartoffeln (pl)	fried potatoes
Bratwurst (f)	fried sausage
Brot (n)	bread
Brötchen (n)	bread roll
Butter (f)	butter
Butterbrot (n)	sandwich
Champignon (m)	mushroom
Chips (pl)	crisps
Cola (f)	coke
Dose (f)	tin, can
Ei (n)	egg
Eintopf (m)	stew
Eis (n)	ice, ice cream
Birne (f)	pear
Ente (f), Entenfleisch (n)	duck
Erbsen (pl)	peas
Erdbeere (f)	strawberry
Espresso (m)	espresso
essen	to eat
Essen (n)	food
Essig (m)	vinegar
Fisch (m)	fish
Fischhändler/in (m/f)	fishmonger
Fleisch (n)	meat
fressen	to eat, to scoff
frisch	fresh, cool
Frühstück (n)	breakfast
Frühstückscerealien (pl)	breakfast cereals
Gebäck (n)	biscuits, pastries
Gemüse (n)	vegetables
geräuchert	smoked
Geschmack (m)	flavour
Getränk (n)	drink
Glas (n)	glass
Gurke (f)	cucumber
gut	good
Guten Appetit!	Enjoy your meal!
Hähnchen (n)	chicken
Hammelfleisch (n)	mutton
Hauptgericht (n)	main course
Himbeere (f)	raspberry
Imbiss (m)	snack
Joghurt (m)	yoghurt
Kaffee (m)	coffee
Kaffee und Kuchen	coffee and cake (afternoon snack)
Kalbfleisch (n)	veal
Kaninchen (n)	rabbit
Kartoffel (f)	potato
Karotte (f)	carrot
Käse (m)	cheese
Käsebrot (n)	cheese sandwich
Kirsche (f)	cherry
Kohl (m)	cabbage
kohlensäurehaltiges Getränk (n)	fizzy drink
Konditorei (f)	cake shop
Kotelett (n)	chop, cutlet
Krabbe (f)	shrimp, prawn
Kuchen (m)	cake
kühl	cool
Lachs (m)	salmon
Lammfleisch (n)	lamb
Lebensmittel (pl)	food, groceries
Leberwurst (f)	liver sausage
lecker	delicious, tasty
Limonade (f)	lemonade
Mahlzeit (f)	meal
Marmelade (f)	jam
Meeresfrüchte (pl)	seafood
Mehl (n)	flour
Mineralwasser (n)	mineral water
Metzgerei (f)	butcher's
Milch (f)	milk
Mittagessen (n)	lunch
Muscheln (pl)	mussels
Nachspeise (f)	dessert
Nudeln (pl)	pasta, noodles
Öl (n)	oil
Omelett (n)	omelette
Orange (f)	orange
Pastete (f)	paté
Pfannkuchen (m)	pancake
Pfeffer (m)	pepper
Pfirsich (m)	peach
Pflaume (f)	plum
Pommes (Frites) (pl)	chips, fries
Pute (f)	turkey
Reis (m)	rice
Rettich (m)	radish
Rezept (n)	recipe
Rindfleisch (n)	beef
Rosenkohl (m)	sprouts
Rotkohl (m)	red cabbage
Rotwein (m)	red wine
Saft (m)	juice
Sahne (f)	cream
Salat (m)	lettuce, salad
Salz (n)	salt
Sauerbraten (m)	marinated beef pot roast
Sauerkraut (n)	pickled cabbage
Scheibe (f)	slice
Schinken (m)	ham
Schinkenbrot (n)	ham sandwich
schmecken	to taste
Schnitzel (n)	escalope
Schokolade (f)	chocolate
Schweinebraten (m)	joint of pork, roast pork
Schweinefilet (n)	pork fillet
Schweinefleisch (n)	pork
Senf (m)	mustard
Speck (m)	bacon
Speise (f)	meal, food
Spiegelei (n)	fried egg
Sprudel (m)	sparkling mineral water
Stück (n)	piece
Suppe (f)	soup
süß	sweet
Süßigkeiten (pl)	sweets
Süßwarengeschäft (n)	sweet shop
Tagesgericht (n)	today's special
Tee (m)	tea
Thunfisch (m)	tuna
Toast (m)	toast
Tomate (f)	tomato
Torte (f)	gateau, flan
Traube (f)	grape
trinken	to drink
Vegetarier/in (m/f)	vegetarian
voll gar	well cooked, well done
Vorspeise (f)	starter
Waffel (f)	waffle
Wasser (n)	water
Wein (m)	wine
Weißwein (m)	white wine
Wurst (f)	sausage
Würstchen (n)	little sausage, frankfurter sausage, hot dog
Zitrone (f)	lemon
Zucker (m)	sugar
Zwiebel (f)	onion
Angriff (m)	attack
arbeitslos	unemployed
bekommen	to receive
besprechen	to discuss
Champion, Meister	champion
Debatte (f)	debate
Demonstration (f)	demonstration
Demonstrant/in (m/f)	demonstrator
Der Deutsche Filmpreis	German 'Oscar'
die aktuellen Nachrichten (pl)	current affairs, news
die Olympischen Spiele (pl)	Olympic Games
Droge (f)	drug
Drogenkonsum (m)	drug-taking
entdecken	to discover
Entdeckung (f)	discovery
Epidemie, Seuche (f)	epidemic
Forscher/in (m/f)	researcher
Grenze (f)	border
harte Drogen	hard drugs
Königin (f)	queen
König (m)	king
(Bürger)krieg (m)	(civil) war
Krise (f)	crisis
Medaille (f)	medal
Menschenrechte (pl)	human rights
Nobelpreis (m)	Nobel Prize
Politik (f)	politics, policy
Preis (m)	prize
Premierminister/in (m/f)	prime minister
Rakete (f)	rocket
Soldat/in (m/f)	soldier
Spion/in (m/f)	spy
Tagesschau (f)	television news
weiche Drogen	soft drugs
Weißes Haus (n)	White House
Weltraum (m)	space
Angst haben	to be afraid
(Atom)kraft (f)	(nuclear) energy
Benzin (n)	petrol
Dürre (f)	drought
Energie (f)	energy
Erdbeben (n)	earthquake
Erde (f)	earth, world
Erdöl (n)	crude oil, petroleum
Erwärmung (f)	warming
global	global
Holz (m)	wood, timber
Katastrophe (f)	catastrophe
Kohle (f)	coal
Öl (n)	oil
Ölteppich (m)	oil slick
ökologisch	ecological
Opfer (n)	victim
organisch	organic
Recycling (n)	recycling
Regenwald (m)	rainforest
retten	to save
sauber	clean
Sauerregen (m)	acid rain
schmutzig	dirty
steigen	to go up (temperature)
töten	to kill
Tierart (f)	animal species
Tornado (m)	tornado
Treibhauseffekt (m)	greenhouse effect
Überschwemmung (f)	flood
Umwelt (f)	environment
umweltbewusst	environmentally aware
Verkehr (m)	traffic
Verkehrsstau (m)	traffic jam
verschmutzt	polluted
vom Aussterben bedroht	endangered (species, plants etc)
(Wald)brand (m)	(forest) fire
Welle (f)	wave
Welt (f)	world
zerstören	to destroy
anfangen	to begin, start
anschauen	to watch, look at
berühmt	famous
beschreiben	to describe
besichtigen	to visit, to look at, to look around
Bilderroman (m)	graphic novel
buchen	to book
Dokumentation (Doku) (f)	documentary
Eingang (m)	entrance
Eintritt (m)	admission, entry, entrance fee
Eintrittspreis (m)	admission/entrance fee
Ende (n)	end
enden	to end, finish
erwachsen	adult
Erwachsene (m/f)	adult
Fan (m)	fan
fernsehen	to watch television
Fernsehsendung (f)	television programme
Fernseher (m)	television (set)
Gameshow (f)	game show
Gruselfilm (m)	horror film
herumzappen	to channel hop
hören	to hear, to listen to
Karte (f)	ticket
komisch	funny
Komödie (f)	comedy
kosten	to cost
lesen	to read
Lied (n)	song
lustig	funny, amusing
mit Untertiteln	subtitled
Mode (f)	fashion
Moderator/in (m/f)	presenter
Nachrichten (pl)	news
Nachrichtensendung (f)	news broadcast
Nachrichtensprecher/in (m/f)	newsreader
Platz (m)	seat
Preis (m)	price
Preisliste (f)	list of prices
Programm (n)	programme, channel
Prominente(r) (f/m)	celebrity
Radio (n)	radio
Reality-TV (n)	reality television
romantisch	romantic
rührend	moving
Sänger/in (m/f)	singer
Schauspiel (n)	play
Schauspieler/in (m/f)	actor/actress
Seifenoper (f)	soap opera
Sender (m)	broadcaster, station
Sendung (f)	programme, broadcast
Serie (f)	series
singen	to sing
Sitcom (f)	sitcom
Sitz (m)	seat
Spezialeffekte (pl)	special effects
(Sport)bericht (m)	(sports) report
Star (m)	star
Student/in (m/f)	student
synchronisiert	dubbed
Tagesschau (f)	television news
Theaterstück (n)	play
traurig	sad
Trickfilm (m)	cartoon
Vorstellung (f)	performance, showing
vorzeigen	to show
Werbespot (m)	advertisement, advert
wie viel(e)	how much, how many
zeigen	to show
Zeitung (f)	newspaper
zuhören	to listen
ausschneiden	to cut (text)
Bildschirm (m)	screen, monitor
Chatroom (m)	chat room
chatten	to chat (online)
Computer (m)	computer
Cursor (m)	cursor
downloaden, herunterladen	to download
DVD-Spieler (m)	DVD player
E-mail (f or n)	email
einfügen	to paste (text)
Handy (n)	mobile phone
helfen	to help
hochladen	to upload
klicken	to click
kopieren	to copy
Laptop (m, n)	laptop
Maus (f)	mouse
Mobiltelefon (n)	mobile phone
Musik (f)	music
online	online
Passwort (n)	password
plaudern	to chat
Satellitenfernsehen (n)	satellite TV
SMS (f)	text message
Software (f)	software
soziales Netz (n)	social network
surfen	to surf (browse) the internet
Tastatur (f)	keyboard
Website (f)	website
Akrobat/in (m/f)	acrobat
Ausflug (m)	outing, excursion
Ausgang (m)	exit, way out
Band (n)	ribbon
begeistert	delighted
begrüßen	to welcome
besuchen	to visit
Besucher/in (m/f)	visitor
Braut (f)	bride
Bräutigam (m)	bridegroom
duzen	to call someone 'du', to address with the familiar 'du'
eindrucksvoll	impressive
Fast-Food-Restaurant (n)	fast food restaurant
Flasche (f)	bottle
Feiertag (m)	public holiday
Freizeitpark (m)	theme park
Geburtstag (m)	birthday
Geschenk (n)	present
guten Appetit	enjoy your meal
herzlich	warm, sincere
herzlichen Glückwunsch (m)	congratulations, good wishes
Hochzeit (f)	wedding
kennen lernen	to meet, make the acquaintance of
Kleid (n)	dress
Kuchen (m)	cake
küssen	to kiss
Licht (n)	light
Museum (n)	museum
Party, Fete (f)	party
Parfum, Parfüm (n)	perfume
Picknick (n)	picnic
Ring (m)	ring
Schmuck	jewellery
seltsam	odd, strange, curious
Serviette (f)	serviette
siezen	to call someone 'Sie', to use the polite form of address
spannend	exciting, gripping
Spezialität des Hauses (f)	speciality of the house
Tier (n)	animal
Tiergarten (m)	zoo
Tischdecke (f)	table cloth
treffen	to meet
umarmen	to hug, embrace
Verlobte (m/f)	fiancé(e)
Verlobung (f)	engagement
vorstellen	to introduce
Vorstellung (f)	show, performance
warten	to wait
Wasserpark (m)	water park
Willkommen (n)	welcome
Zeremonie (f)	ceremony
Zirkus (m)	circus
Zoo (m)	zoo
Zoowärter/in (m/f)	zoo keeper
amüsieren (sich)	to enjoy oneself
angeln	to fish
Angelrute (f)	fishing rod
ausgehen	to go out
ausruhen (sich), relaxen	to rest, relax
Ball (m)	ball
bei mir	at (my) home
Blockflöte (f)	recorder
bowlen gehen	to go ten-pin bowling
Brettspiel (n)	board game
Brieffreund/in (m/f)	penfriend
Disko (f)	disco
Do-it-yourself (n)	DIY
Eisbahn (f)	skating rink
Feierabend machen	to finish work for the day
Flöte (f)	flute
Freizeit (f)	free time, spare time
Fußball (m)	football
Gartenarbeit (f)	gardening
gehören	to belong to
Geige (f)	violin
Gewichtstraining (n)	weight training
Hobby (n)	hobby, pastime
holen	to fetch
hören	to hear, to listen to
Imbissstube (f)	snack bar
Inlineskaten (n)	roller blading
Klavier (n)	piano
jobben	to do casual jobs
joggen	to jog
Jugendklub (m)	youth club
Kegelbahn (f)	bowling alley
laufen	to run
Leichtathletik (f)	athletics
Lesen (n)	reading
lesen	to read
malen	to paint
Mannschaft (f)	team
musizieren	to play a musical instrument
Nachtklub (m)	nightclub
Rad fahren	to ride a bike, go cycling
reiten	to ride (a horse)
relaxen	to relax
Roman (m)	novel
Schach (n)	chess
Schlagzeug (n)	drums
Schläger (m)	racket
schwimmen	to swim
segeln	to sail
skateboarden, Skateboard fahren	to skateboard
Ski laufen	to ski
spazieren gehen	to go for a walk
Spiel (n)	game, match
spielen	to play
Spieler/in (m/f)	player
Spielzeug (n)	toy
Sport treiben	to do/play sport
Sportzentrum (n)	sports centre
springen	to jump
Stadion (n)	stadium
tanzen	to dance
tauchen	to dive
Trommel (f)	drum
Trompete (f)	trumpet
Turnen (n)	gymnastics
wandern	to hike, to go rambling
Wasserski fahren	to waterski
werfen	to throw
windsurfen	to windsurf
zeichnen	to draw
zuhören	to listen
Abteilung (f)	department
Apotheke (f)	chemist's (dispensing)
aufmachen	to open
Ausverkauf (m)	clearance sale
ausgeben	to spend (money)
Auswahl (f)	selection, choice
Bäckerei (f)	baker's shop
Bank (f)	bank
bestellen	to order
billig	cheap
Buchhandlung (f)	bookshop
Debitkarte (f)	debit card
Drogerie (f)	chemist's (non-dispensing)
Einkäufe (pl)	purchases
Einkäufe machen	to do one's shopping
einkaufen	to buy
einkaufen gehen	to go shopping
Einkaufszentrum (n)	shopping centre, mall
Größe (f)	size
Hut (m)	hat
kaufen	to buy
Kaufhaus (n)	department store
Kleingeld (n)	(small or loose) change
Kasse (f)	till, cash desk, checkout
kosten	to cost
Kreditkarte (f)	credit card
Kunde/Kundin (m/f)	customer, client
Laden (m)	small shop
Leder (n)	leather
Markt (m)	market
Metzgerei (f)	butcher's shop
Münze (f)	coin
öffnen	to open
Plastik(tüte) (f)	(plastic) bag
Portemonnaie (n)	purse, wallet
Preis (m)	price
preiswert	good value, inexpensive, cheap
Rechnung (f)	bill
Reisescheck (m)	traveller's cheque
Schaufenster (n)	shop window
Schaufensterbummel (m)	window shopping
Scheck (m)	cheque
schließen	to close
Schlussverkauf (m)	end of season sale
Schmuckgeschäft (n)	jewellery shop
Schreibwarengeschäft (n)	stationery shop
Selbstbedienung (f)	self-service
Souvenirladen (m)	souvenir, gift shop
sparen	to save
Sparkasse (f)	savings bank
Supermarkt (m)	supermarket
Süßwarengeschäft (n)	sweet shop
Tasche (f)	bag
Taschengeld (n)	pocket money
teuer	expensive
verkaufen	to sell
Verkäufer/in (m/f)	sales assistant, shopkeeper
Warenhaus (n)	department store
Wechselstube (f)	bureau de change
wie viel(e)	how much, how many
abnehmen	to lose weight
Alkohol (m)	alcohol
Arm (m)	arm
Arzt/Ärztin (m/f)	doctor
Asthma (n)	asthma
atmen	to breathe
Auge (n)	eye
ausruhen (sich)	to rest
Bauch (m)	tummy
Bauchschmerzen (pl)	tummy ache
Bein (n)	leg
beim Arzt bestellt	appointment with the doctor
besser gehen	to be better
Blut (n)	blood
Brust (f)	chest
Durchfall (m)	diarrhoea
erbrechen	to vomit
erholen (sich)	to recover
erkältet sein	to have a cold
ernst	serious
Erste Hilfe leisten	to give first aid
fallen	to fall
Fieber (n)	temperature, fever
Finger (m)	finger
Fuß (m)	foot
gebrochen	broken
Gesicht (n)	face
gestorben	dead
gesund	healthy
Gesundheit (f)	health
Grippe (f)	flu
Hals (m)	throat
Halsschmerzen (pl)	sore throat
Hand (f)	hand
Herz (n)	heart
Hilfe (f)	help
husten	to cough
im Bett bleiben	to stay in bed
Kleidung (f)	clothing, clothes
Klinik (f)	clinic
Knie (n)	knee
Kopf (m)	head
Kopfschmerzen (pl)	headache
Körper (m)	body
krank	ill, sick
krank fühlen (sich)	to feel ill, sick
Krankenhaus (n)	hospital
Krankenpfleger (m)	(male) nurse
Krankenschwester (f)	(female) nurse
Krankenwagen (m)	ambulance
Krankheit (f)	illness
leiden	to suffer
Magen (m)	stomach
Magenschmerzen (pl)	stomach ache
Medikament (n)	medicine
Mund (m)	mouth
Nase (f)	nose
nehmen	to take
Ohr (n)	ear
Ohrenschmerzen (pl)	earache
Pflaster (n)	plaster
Pille (f)	pill
rauchen	to smoke
Raucher/in (m/f)	smoker
Rezept (n)	prescription
Rückenschmerzen (pl)	backache
schlafen	to sleep
schlagen	to hit, knock
schützen	to protect
schwindlig	dizzy
Sonnenbrand (m)	sunburn
sportlich	sporty
Sprechstunde (f)	surgery
Spritze (f)	injection
Stich (m)	sting, bite
Stress (m)	stress
Tabak (m)	tobacco
Tablette (f)	tablet
Taschentuch (n)	handkerchief
Temperatur (f)	temperature
Termin (m)	appointment
übel	bad, nauseous
übergeben (sich)	to be sick, to vomit
Übung (f)	exercise
Unfall (m)	accident
untersuchen	to examine
Untersuchung (f)	examination
Vegetarier/in (m/f)	vegetarian
verletzen	to injure, to hurt, to wound
verletzt	injured
verschreiben	to precribe
verstopft	constipated
weh tun (sich)	to hurt (oneself)
Zahn (m)	tooth
Zahnarzt/-ärztin (m/f)	dentist
Zahnschmerzen (pl)	toothache
Zehe (f)	toe
Zigarette (f)	cigarette
zunehmen	to put on weight
Zunge (f)	tongue
bevor	before
dadurch	that is how
leer	empty
davon	of that
denn	because, then
unterschiedliche	different
letzten	last
detaillierte	detailed
ähnlich	similar
ist	is
deine, eure	your
ich	I
grün	green
blau	blue
die Mathematik	math
dritte	third
siebte	seventh
vierte	fourth
sechste	sixth
sonst	else, otherwise
essen	to eat
sind	are
außerdem	besides, also
nicht	not
etwas	some, something
da	over there
einmal	once (a)
groß	big
hier	here
er	he
nein	no
wir	we
sowohl	both, and
weder	neither
noch	still, yet, more
damit	(by) that
fertig	ready, finished
besonders	especially
jedenfalls	nonetheless
zuletzt	last of all
klein	small
tatsächlich	actually
nett	nice
schlimm	severe
total	really (extremely)
wirklich?	really?
dumm	stupid
bitte	please
es	it
tapfer	brave
ehrlich	honest, really
lieber	prefer, sweet
mein	my, mine
aus	from, of, out of
trinken	to drink
den	to, that
tschüss	bye
die Familie	family
die Schwester	sister
die Tochter	daughter
der Sohn	son
enkelin	granddaughter
kalt	cold
der Balkon	balcony
das Fenster	window
das Dach	roof
der Keller	basement
sehr	very
am, auf	on, at the
weiße	white
Wüste	desert
der Strand	beach
der Bernstein	amber
die Wiese	meadow
das Klima	climate
die Welle	wave
der Bach	creek
langweilig	boring
gleiche	same
wie	how, like
schlecht	bad
die Gemeinde	community
die Verbindung	connection, joining
Einwohner	inhabitant
der Nutzer	user
nützlich	useful
gratis, kostenlose	free of charge
positiv	positive
sichtbar	visible
begeistert	excited
notwendig	necessary
eindeutig	clear
klar	clear (visibly)
verfügbar	available
zu	to, too
unabhängig	independent
jährlich	yearly
heißen	to mean/call
kühl	cool
monatlich	monthly
das Datum	date
endet	ends
der Kalender	calendar
praktisch	practical
selbstverständlich	of course
verpflichtet	obliged
unmöglich	impossible
unsichtbar	invisible
international	international
bekannt	known, familiar
inidividuell	distinct
wichtiger	more important
leichter	lighter
kleines	smaller
rot	red
der Finger	finger
der Kopf	head
der Fuß	foot
billig	cheap
das Sonderangebot	special offer
die Bäckerei	bakery
der Gutschein	voucher
bunt	colorful
pink	pink
grau	grey
braun	brown
irgendwie	somehow
irgendwas	something
irgendwann	sometime
irgendwo	somewhere
irgendwer	someone
brauchen	to need
wäschen	to wash
mögen	to like
laufen	to walk
machen	to make
rennen	to run
stark	strong
einfach	easy, simple
gesund	healthy
ja	yes
traurig	sad
lecker	tasty
das Insekt	insect
das Tier	animal
die Zeitung	newspaper
die Orange	orange
das Ei	egg
der Hund	dog
ob	if, whether
von	from, of
überhaupt, gar	at all, anything
völlig	entirely
salzig	salty
die Milch	milk
falsch	false
selber	myself
offen	open
möglich	possible
selbst	yourself
dazu	for that
darüber	above/over that
perfekt	perfect
komplett	complete
hart	hard
richtig	correct
dich, du, euch, dir	you
allgemein	general, common
original	original
weich	soft
plötzlich	suddenly
regional	regional
knapp	scarce
egal	does not matter
sondern	but rather
lang	long
der Markt	market
das Kind	child
die Wasser	water
der Junge	boy
der Mann	man
das Brot	bread
fit	fit
die Frau	woman
das Mädchen	girl
das Schwein	pig
die Katze	cat
die Fliege	fly
der Bär	bear
das Pferd	horse
die Kuh	cow
uns	us
die Ente	duck
folgen	to follow
das Trinkgeld	tip
viele	many
scharf	sharp
das Getränk	the drink
die Speisekarte	menu
das Rezept	recipe
der Senf	mustard
schwach	weak
Bürger	citizen
das Geschlecht	gender
das Baby	baby
die Gruppe	group
Türke	Turk
gerne	like
vielleicht	might
süß	sweet
schmekt	tastes
wieder, erneut	again
so	like this
zusammen	together
allein	alone
auch	also, too
dran	turn
willkommen	welcome
alle	everything
jeder	every
diese	this
manche	some
tief	deep
der Wind	wind
wofür	for what
interessant	interesting
die Frage	question
wen	whom
welche	which
alt	old
das Zeug	stuff
Werkzeug	tool
das Feuerzeug	the lighter
obwohl	though
das Buch	book
doch	yet, but
solange	as long as
schnell	fast
entweder	either
dass	that
der Durst	thirst
oder	or
schön	pretty
aber	but
weil	because
der Hunger	hunger
sauber	clean
die Jacke	jacket
das Kleid	dress
passt	fits
tragen	to wear
der Rock	skirt
die Hose	pants
das Hemd	shirt
der Knopf	button
der Mantel	coat
das Fleisch	meat
das Bier	beer
die Erdbeere	strawberry
der Tee	tea
der Käse	cheese
die Kartoffel	potato
die Pizza	pizza
beginnt	begins
bringe	delivers
bezahlen	to pay
sehen	to see
schlafen	to sleep
denkt	thinking
gehen	to go
laut	loud
leise	quiet
ruhig	calm
normal	normal
frei	free
mir geht's gut	I'm doing well
bis später	see you later
es tut mir leid	I am sorry
gute nacht	good night
danke	thanks
das Eis	ice (cream)
frisch	fresh
das Salz	salt
die Schokolade	chocolate
der Orangensaft	orange juice
die Tasche	bag
der Apfel	apple
In ordnung!	OK!
wie geht's?	how are you?
leider	unfortunately
entschuldigung	sorry
wo	where
zwei	two
warum	why
schwarze	black
acht	eight
wann	when
neu	new
bayern	Bavaria
Urlaub	vacation
der Mietwagen	rental car
die Ferien	holiday
die Sehenswürdigkeit	attraction, sight to see
der Pass	passport
siebzig	seventy
achtzig	eighty
neunzig	ninety
zwanzig	twenty
sechzig	sixty
zweiunddreißig	thirty two
fünfzig	fifty
vierzig	fourty
zweiundachtzig	eighty two
reich	rich
hoch, hohe	high
fünfzehn	fifteen
rein	pure
woher	where from
im, in	in (the)
herum	around
voraus	ahead
weg	away
unterwegs	on the road
in, drinnen	inside
drei	three
gern geschehen	you're welcome
rund	round
der Salat	salad
sauer	sour
die Marmelade	jam
Tomate	tomato
das Müsli	cereal
geben	to give
elf	eleven
das Dutzend	dozen
das Fahrzeug	vehicle
vier	four
dreizehn	thirteen
achtzehn	eighteen
sechs	six
eins	one
gegen	against
es gibt	there is
mich, mir	me
sechzehn	sixteen
immer	always
entlang	along
ohne	without
vegatarier	vegetarian
das Publikum	audience
Freundin	girlfriend
Gegner	opponent
die Beziehung	relationship
das Geschwister	sibling
wohin	where toA
